-- phpMyAdmin SQL Dump
-- version 5.0.1
-- https://www.phpmyadmin.net/
--
-- Servidor: 127.0.0.1
-- Tiempo de generación: 04-04-2024 a las 23:56:51
-- Versión del servidor: 10.4.11-MariaDB
-- Versión de PHP: 7.4.1

SET SQL_MODE = "NO_AUTO_VALUE_ON_ZERO";
SET AUTOCOMMIT = 0;
START TRANSACTION;
SET time_zone = "+00:00";


/*!40101 SET @OLD_CHARACTER_SET_CLIENT=@@CHARACTER_SET_CLIENT */;
/*!40101 SET @OLD_CHARACTER_SET_RESULTS=@@CHARACTER_SET_RESULTS */;
/*!40101 SET @OLD_COLLATION_CONNECTION=@@COLLATION_CONNECTION */;
/*!40101 SET NAMES utf8mb4 */;

--
-- Base de datos: `dbesrn120`
--

-- --------------------------------------------------------

--
-- Estructura de tabla para la tabla `cuarto`
--

CREATE TABLE `cuarto` (
  `id` int(11) NOT NULL,
  `documento` text NOT NULL,
  `nombre` text NOT NULL,
  `id_curso` int(11) NOT NULL,
  `modalidad` text NOT NULL,
  `email` text NOT NULL,
  `saberes_cientifica` text NOT NULL,
  `saberes_sociales` text NOT NULL,
  `saberes_ingles` text NOT NULL,
  `saberes_matematica` text NOT NULL,
  `saberes_fisica` text NOT NULL,
  `saberes_artistica` text NOT NULL,
  `saberes_lengua` text NOT NULL,
  `saberes_eve` text NOT NULL,
  `saberes_culturas` text NOT NULL,
  `saberes_deportivas` text NOT NULL,
  `saberes_corporales` text NOT NULL,
  `aprecia_cientifica` text NOT NULL,
  `aprecia_sociales` text NOT NULL,
  `aprecia_ingles` text NOT NULL,
  `aprecia_matematica` text NOT NULL,
  `aprecia_fisica` text NOT NULL,
  `aprecia_artistica` text NOT NULL,
  `aprecia_lengua` text NOT NULL,
  `aprecia_eve` text NOT NULL,
  `aprecia_culturas` text NOT NULL,
  `aprecia_deportivas` text NOT NULL,
  `aprecia_corporales` text NOT NULL,
  `asistencia_cientifica` text NOT NULL,
  `asistencia_sociales` text NOT NULL,
  `asistencia_ingles` text NOT NULL,
  `asistencia_matematica` text NOT NULL,
  `asistencia_fisica` text NOT NULL,
  `asistencia_artistica` text NOT NULL,
  `asistencia_lengua` text NOT NULL,
  `asistencia_eve` text NOT NULL,
  `asistencia_culturas` text NOT NULL,
  `asistencia_deportivas` text NOT NULL,
  `asistencia_corporales` text NOT NULL,
  `observa_cientifica` text NOT NULL,
  `observa_sociales` text NOT NULL,
  `observa_ingles` text NOT NULL,
  `observa_matematica` text NOT NULL,
  `observa_fisica` text NOT NULL,
  `observa_artistica` text NOT NULL,
  `observa_lengua` text NOT NULL,
  `observa_eve` text NOT NULL,
  `observa_culturas` text NOT NULL,
  `observa_deportivas` text NOT NULL,
  `observa_corporales` text NOT NULL,
  `estado` int(11) NOT NULL DEFAULT 1,
  `periodo` text NOT NULL,
  `id_usuario` int(11) NOT NULL,
  `fecha` timestamp NOT NULL DEFAULT current_timestamp() ON UPDATE current_timestamp()
) ENGINE=MyISAM DEFAULT CHARSET=latin1;

--
-- Volcado de datos para la tabla `cuarto`
--

INSERT INTO `cuarto` (`id`, `documento`, `nombre`, `id_curso`, `modalidad`, `email`, `saberes_cientifica`, `saberes_sociales`, `saberes_ingles`, `saberes_matematica`, `saberes_fisica`, `saberes_artistica`, `saberes_lengua`, `saberes_eve`, `saberes_culturas`, `saberes_deportivas`, `saberes_corporales`, `aprecia_cientifica`, `aprecia_sociales`, `aprecia_ingles`, `aprecia_matematica`, `aprecia_fisica`, `aprecia_artistica`, `aprecia_lengua`, `aprecia_eve`, `aprecia_culturas`, `aprecia_deportivas`, `aprecia_corporales`, `asistencia_cientifica`, `asistencia_sociales`, `asistencia_ingles`, `asistencia_matematica`, `asistencia_fisica`, `asistencia_artistica`, `asistencia_lengua`, `asistencia_eve`, `asistencia_culturas`, `asistencia_deportivas`, `asistencia_corporales`, `observa_cientifica`, `observa_sociales`, `observa_ingles`, `observa_matematica`, `observa_fisica`, `observa_artistica`, `observa_lengua`, `observa_eve`, `observa_culturas`, `observa_deportivas`, `observa_corporales`, `estado`, `periodo`, `id_usuario`, `fecha`) VALUES
(1, '47368644', 'AGUERO ULIARTE Luciano Gabriel', 9, 'Educación Física', '', '', '', '', '', '', '', '', '', '', '', '', '', '', '', '', '', '', '', '', '', '', '', '', '', '', '', '', '', '', '', '', '', '', '', '', '', '', '', '', '', '', '', '', '', 1, '02/2023', 0, '2023-08-16 19:59:06'),
(2, '47284027', 'ARANDA Santino Gabriel', 9, 'Educación Física', '', '', '', '', '', '', '', '', '', '', '', '', '', '', '', '', '', '', '', '', '', '', '', '', '', '', '', '', '', '', '', '', '', '', '', '', '', '', '', '', '', '', '', '', '', 1, '02/2023', 0, '2023-08-16 19:55:42'),
(3, '47284033', 'BARRIA SOLIS Santiago Agustin', 9, 'Educación Física', '', '', '', '', '', '', '', '', '', '', '', '', '', '', '', '', '', '', '', '', '', '', '', '', '', '', '', '', '', '', '', '', '', '', '', '', '', '', '', '', '', '', '', '', '', 1, '02/2023', 0, '2023-08-16 19:55:42'),
(4, '47374802', 'BOHNET Naiara  Celeste', 9, 'Educación Física', '', '', '', '', '', '', '', '', '', '', '', '', '', '', '', '', '', '', '', '', '', '', '', '', '', '', '', '', '', '', '', '', '', '', '', '', '', '', '', '', '', '', '', '', '', 1, '02/2023', 0, '2023-08-16 19:55:42'),
(5, '47243995', 'BURGOS Martina Abigail', 9, 'Educación Física', '', '', '', '', '', '', '', '', '', '', '', '', '', '', '', '', '', '', '', '', '', '', '', '', '', '', '', '', '', '', '', '', '', '', '', '', '', '', '', '', '', '', '', '', '', 1, '02/2023', 0, '2023-08-16 19:55:42'),
(6, '47849149', 'CASTELLANO Milagros Shaiel', 9, 'Educación Física', '', '', '', '', '', '', '', '', '', '', '', '', '', '', '', '', '', '', '', '', '', '', '', '', '', '', '', '', '', '', '', '', '', '', '', '', '', '', '', '', '', '', '', '', '', 1, '02/2023', 0, '2023-08-16 19:55:42'),
(7, '47915151', 'CASTILLO Ailen Margarita', 9, 'Educación Física', '', '', '', '', '', '', '', '', '', '', '', '', '', '', '', '', '', '', '', '', '', '', '', '', '', '', '', '', '', '', '', '', '', '', '', '', '', '', '', '', '', '', '', '', '', 1, '02/2023', 0, '2023-08-16 19:55:42'),
(8, '47470995', 'FAÚNDEZ MOYA Julieta', 9, 'Educación Física', '', '', '', '', '', '', '', '', '', '', '', '', '', '', '', '', '', '', '', '', '', '', '', '', '', '', '', '', '', '', '', '', '', '', '', '', '', '', '', '', '', '', '', '', '', 1, '02/2023', 0, '2023-08-16 19:59:43'),
(9, '47670526', 'FIGUEROA CARUS Tomás Uriel', 9, 'Educación Física', '', '', '', '', '', '', '', '', '', '', '', '', '', '', '', '', '', '', '', '', '', '', '', '', '', '', '', '', '', '', '', '', '', '', '', '', '', '', '', '', '', '', '', '', '', 1, '02/2023', 0, '2023-08-16 19:59:25'),
(10, '47470922', 'FUENTES Ariana Eluney', 9, 'Educación Física', '', '', '', '', '', '', '', '', '', '', '', '', '', '', '', '', '', '', '', '', '', '', '', '', '', '', '', '', '', '', '', '', '', '', '', '', '', '', '', '', '', '', '', '', '', 1, '02/2023', 0, '2023-08-16 19:55:42'),
(11, '47470920', 'GONZALEZ Cristian Bautista', 9, 'Educación Física', '', '', '', '', '', '', '', '', '', '', '', '', '', '', '', '', '', '', '', '', '', '', '', '', '', '', '', '', '', '', '', '', '', '', '', '', '', '', '', '', '', '', '', '', '', 1, '02/2023', 0, '2023-08-16 19:55:42'),
(12, '47471046', 'GUZMAN Bruma Doyel', 9, 'Educación Física', '', '', '', '', '', '', '', '', '', '', '', '', '', '', '', '', '', '', '', '', '', '', '', '', '', '', '', '', '', '', '', '', '', '', '', '', '', '', '', '', '', '', '', '', '', 1, '02/2023', 0, '2023-08-16 19:55:42'),
(13, '47283266', 'HERMOSILLA Mario Andres', 9, 'Educación Física', '', '', '', '', '', '', '', '', '', '', '', '', '', '', '', '', '', '', '', '', '', '', '', '', '', '', '', '', '', '', '', '', '', '', '', '', '', '', '', '', '', '', '', '', '', 1, '02/2023', 0, '2023-08-16 19:55:42'),
(14, '47915129', 'HUENCHUL Thiago Alejo Daniel', 9, 'Educación Física', '', '', '', '', '', '', '', '', '', '', '', '', '', '', '', '', '', '', '', '', '', '', '', '', '', '', '', '', '', '', '', '', '', '', '', '', '', '', '', '', '', '', '', '', '', 1, '02/2023', 0, '2023-08-16 19:55:42'),
(15, '47374847', 'IBARRA Ricardo Damian', 9, 'Educación Física', '', '', '', '', '', '', '', '', '', '', '', '', '', '', '', '', '', '', '', '', '', '', '', '', '', '', '', '', '', '', '', '', '', '', '', '', '', '', '', '', '', '', '', '', '', 1, '02/2023', 0, '2023-08-16 19:55:42'),
(16, '47244206', 'JARA Débora Antonella', 9, 'Educación Física', '', '', '', '', '', '', '', '', '', '', '', '', '', '', '', '', '', '', '', '', '', '', '', '', '', '', '', '', '', '', '', '', '', '', '', '', '', '', '', '', '', '', '', '', '', 1, '02/2023', 0, '2023-08-16 19:58:05'),
(17, '47915199', 'LONCOMAN Daiana Victoria', 9, 'Educación Física', '', '', '', '', '', '', '', '', '', '', '', '', '', '', '', '', '', '', '', '', '', '', '', '', '', '', '', '', '', '', '', '', '', '', '', '', '', '', '', '', '', '', '', '', '', 1, '02/2023', 0, '2023-08-16 19:55:42'),
(18, '47180364', 'MART? M?ximo Ulises', 9, 'Educación Física', '', '', '', '', '', '', '', '', '', '', '', '', '', '', '', '', '', '', '', '', '', '', '', '', '', '', '', '', '', '', '', '', '', '', '', '', '', '', '', '', '', '', '', '', '', 1, '02/2023', 0, '2023-08-16 19:55:42'),
(19, '46403069', 'MORI Jennifer Emilia Anahi', 9, 'Educación Física', '', '', '', '', '', '', '', '', '', '', '', '', '', '', '', '', '', '', '', '', '', '', '', '', '', '', '', '', '', '', '', '', '', '', '', '', '', '', '', '', '', '', '', '', '', 1, '02/2023', 0, '2023-08-16 19:55:42'),
(20, '47374886', 'NAVARRETE Joaquin Aaron', 9, 'Educación Física', '', '', '', '', '', '', '', '', '', '', '', '', '', '', '', '', '', '', '', '', '', '', '', '', '', '', '', '', '', '', '', '', '', '', '', '', '', '', '', '', '', '', '', '', '', 1, '02/2023', 0, '2023-08-16 19:55:42'),
(21, '48013589', 'ORELLANA Gabriela Guadalupe', 9, 'Educación Física', '', '', '', '', '', '', '', '', '', '', '', '', '', '', '', '', '', '', '', '', '', '', '', '', '', '', '', '', '', '', '', '', '', '', '', '', '', '', '', '', '', '', '', '', '', 1, '02/2023', 0, '2023-08-16 19:55:42'),
(22, '48013158', 'PADILLA Camila', 9, 'Educación Física', '', '', '', '', '', '', '', '', '', '', '', '', '', '', '', '', '', '', '', '', '', '', '', '', '', '', '', '', '', '', '', '', '', '', '', '', '', '', '', '', '', '', '', '', '', 1, '02/2023', 0, '2023-08-16 19:55:42'),
(23, '45561550', 'ROJAS FUENTES Agustin Damián', 9, 'Educación Física', '', '', '', '', '', '', '', '', '', '', '', '', '', '', '', '', '', '', '', '', '', '', '', '', '', '', '', '', '', '', '', '', '', '', '', '', '', '', '', '', '', '', '', '', '', 1, '02/2023', 0, '2023-08-16 20:00:51'),
(24, '47374789', 'SAN MARTIN MARTINEZ Fabricio Tiziano', 9, 'Educación Física', '', '', '', '', '', '', '', '', '', '', '', '', '', '', '', '', '', '', '', '', '', '', '', '', '', '', '', '', '', '', '', '', '', '', '', '', '', '', '', '', '', '', '', '', '', 1, '02/2023', 0, '2023-08-16 19:55:42'),
(25, '46797180', 'SEPULVEDA Santino Brandon Adrian', 9, 'Educación Física', '', '', '', '', '', '', '', '', '', '', '', '', '', '', '', '', '', '', '', '', '', '', '', '', '', '', '', '', '', '', '', '', '', '', '', '', '', '', '', '', '', '', '', '', '', 1, '02/2023', 0, '2023-08-16 19:55:42'),
(26, '47471169', 'URRA José Mario', 9, 'Educación Física', '', '', '', '', '', '', '', '', '', '', '', '', '', '', '', '', '', '', '', '', '', '', '', '', '', '', '', '', '', '', '', '', '', '', '', '', '', '', '', '', '', '', '', '', '', 1, '02/2023', 0, '2023-08-16 20:01:51'),
(27, '45212382', 'ANDRADE Franco Emanuel', 14, 'Educación Física', '', '', '', '', '', '', '', '', '', '', '', '', '', '', '', '', '', '', '', '', '', '', '', '', '', '', '', '', '', '', '', '32', '12', '12', '', '', '', '', '', '', '', '', '', '', '', 1, '02/2023', 8, '2023-09-08 00:22:37'),
(28, '46795711', 'ARRATIA Agustina Mickaela', 14, 'Educación Física', '', '', '', '', '', '', '', '', '', '', '', '', '', '', '', '', '', '', '', '', '', '', '', '', '', '', '', '', '', '', '', '', '', '', '', '', '', '', '', '', '', '', '', '', '', 1, '02/2023', 0, '2023-08-16 19:55:42'),
(29, '46797154', 'BUSTOS Agustina Alejandra', 14, 'Educación Física', '', '', '', '', '', '', '', '', '', '', '', '', '', '', '', '', '', '', '', '', '', '', '', '', '', '', '', '', '', '', '', '', '', '', '', '', '', '', '', '', '', '', '', '', '', 1, '02/2023', 0, '2023-08-16 19:55:42'),
(30, '47471195', 'CHAVES Sasha Valentina', 14, 'Educación Física', '', '', '', '', '', '', '', '', '', '', '', '', '', '', '', '', '', '', '', '', '', '', '', '', '', '', '', '', '', '', '', '', '', '', '', '', '', '', '', '', '', '', '', '', '', 1, '02/2023', 0, '2023-08-16 19:55:42'),
(31, '96091147', 'COBO TORRES Valentina', 14, 'Educación Física', '', '', '', '', '', '', '', '', '', '', '', '', '', '', '', '', '', '', '', '', '', '', '', '', '', '', '', '', '', '', '', '', '', '', '', '', '', '', '', '', '', '', '', '', '', 1, '02/2023', 0, '2023-08-16 19:55:42'),
(32, '47283224', 'FERNANDEZ Candela Aldana', 14, 'Educación Física', '', '', '', '', '', '', '', '', '', '', '', '', '', '', '', '', '', '', '', '', '', '', '', '', '', '', '', '', '', '', '', '', '', '', '', '', '', '', '', '', '', '', '', '', '', 1, '02/2023', 0, '2023-08-16 19:55:42'),
(33, '47915152', 'MAIDANA Gisella Melani', 14, 'Educación Física', '', '', '', '', '', '', '', '', '', '', '', '', '', '', '', '', '', '', '', '', '', '', '', '', '', '', '', '', '', '', '', '', '', '', '', '', '', '', '', '', '', '', '', '', '', 1, '02/2023', 0, '2023-08-16 19:55:42'),
(34, '47850871', 'MARTINEZ PEZO Marcos Ezequiel', 14, 'Educación Física', '', '', '', '', '', '', '', '', '', '', '', '', '', '', '', '', '', '', '', '', '', '', '', '', '', '', '', '', '', '', '', '', '', '', '', '', '', '', '', '', '', '', '', '', '', 1, '02/2023', 0, '2023-08-16 19:55:42'),
(35, '47374772', 'MEDINA Belen', 14, 'Educación Física', '', '', '', '', '', '', '', '', '', '', '', '', '', '', '', '', '', '', '', '', '', '', '', '', '', '', '', '', '', '', '', '', '', '', '', '', '', '', '', '', '', '', '', '', '', 1, '02/2023', 0, '2023-08-16 19:55:42'),
(36, '49399388', 'MONTECINO Axel Ariel', 14, 'Educación Física', '', '', '', '', '', '', '', '', '', '', '', '', '', '', '', '', '', '', '', '', '', '', '', '', '', '', '', '', '', '', '', '', '', '', '', '', '', '', '', '', '', '', '', '', '', 1, '02/2023', 0, '2023-08-16 19:55:42'),
(37, '46536742', 'MU?OZ Cristian Miguel', 14, 'Educación Física', '', '', '', '', '', '', '', '', '', '', '', '', '', '', '', '', '', '', '', '', '', '', '', '', '', '', '', '', '', '', '', '', '', '', '', '', '', '', '', '', '', '', '', '', '', 1, '02/2023', 0, '2023-08-16 19:55:42'),
(38, '47284232', 'MUÑOZ Juan Gabriel', 14, 'Educación Física', '', '', '', '', '', '', '', '', '', '', '', '', '', '', '', '', '', '', '', '', '', '', '', '', '', '', '', '', '', '', '', '', '', '', '', '', '', '', '', '', '', '', '', '', '', 1, '02/2023', 0, '2023-08-16 20:00:04'),
(39, '47915139', 'MUÑOZ Melani Priscila', 14, 'Educación Física', '', '', '', '', '', '', '', '', '', '', '', '', '', '', '', '', '', '', '', '', '', '', '', '', '', '', '', '', '', '', '', '', '', '', '', '', '', '', '', '', '', '', '', '', '', 1, '02/2023', 0, '2023-08-16 19:58:17'),
(40, '48013627', 'MUÑOZ Nicol Belen', 14, 'Educación Física', '', '', '', '', '', '', '', '', '', '', '', '', '', '', '', '', '', '', '', '', '', '', '', '', '', '', '', '', '', '', '', '', '', '', '', '', '', '', '', '', '', '', '', '', '', 1, '02/2023', 0, '2023-08-16 20:00:16'),
(41, '47914996', 'PAVEZ RETAMAL Estefano Joaquín', 14, 'Educación Física', '', '', '', '', '', '', '', '', '', '', '', '', '', '', '', '', '', '', '', '', '', '', '', '', '', '', '', '', '', '', '', '', '', '', '', '', '', '', '', '', '', '', '', '', '', 1, '02/2023', 0, '2023-08-16 20:00:27'),
(42, '49218134', 'PEREZ Felipe Ariel', 14, 'Educación Física', '', '', '', '', '', '', '', '', '', '', '', '', '', '', '', '', '', '', '', '', '', '', '', '', '', '', '', '', '', '', '', '', '', '', '', '', '', '', '', '', '', '', '', '', '', 1, '02/2023', 0, '2023-08-16 19:55:42'),
(43, '47368896', 'POLANCO Matias Joaquin', 14, 'Educación Física', '', '', '', '', '', '', '', '', '', '', '', '', '', '', '', '', '', '', '', '', '', '', '', '', '', '', '', '', '', '', '', '', '', '', '', '', '', '', '', '', '', '', '', '', '', 1, '02/2023', 0, '2023-08-16 19:55:42'),
(44, '45883889', 'QUIROGA Paula Sofía', 14, 'Educación Física', '', '', '', '', '', '', '', '', '', '', '', '', '', '', '', '', '', '', '', '', '', '', '', '', '', '', '', '', '', '', '', '', '', '', '', '', '', '', '', '', '', '', '', '', '', 1, '02/2023', 0, '2023-08-16 19:58:35'),
(45, '48391535', 'RAMIREZ Jorge Luis', 14, 'Educación Física', '', '', '', '', '', '', '', '', '', '', '', '', '', '', '', '', '', '', '', '', '', '', '', '', '', '', '', '', '', '', '', '', '', '', '', '', '', '', '', '', '', '', '', '', '', 1, '02/2023', 0, '2023-08-16 19:55:42'),
(46, '47374803', 'RODRIGUEZ Marcos Damián', 14, 'Educación Física', '', '', '', '', '', '', '', '', '', '', '', '', '', '', '', '', '', '', '', '', '', '', '', '', '', '', '', '', '', '', '', '', '', '', '', '', '', '', '', '', '', '', '', '', '', 1, '02/2023', 0, '2023-08-16 20:00:40'),
(47, '47929754', 'SEGOVIA Joaquin', 14, 'Educación Física', '', '', '', '', '', '', '', '', '', '', '', '', '', '', '', '', '', '', '', '', '', '', '', '', '', '', '', '', '', '', '', '', '', '', '', '', '', '', '', '', '', '', '', '', '', 1, '02/2023', 0, '2023-08-16 19:55:42'),
(48, '45798124', 'SOLIS Lautaro Joaquin', 14, 'Educación Física', '', '', '', '', '', '', '', '', '', '', '', '', '', '', '', '', '', '', '', '', '', '', '', '', '', '', '', '', '', '', '', '', '', '', '', '', '', '', '', '', '', '', '', '', '', 1, '02/2023', 0, '2023-08-16 19:55:42'),
(49, '47471180', 'TOLOZA Thiago Zhair', 14, 'Educación Física', '', '', '', '', '', '', '', '', '', '', '', '', '', '', '', '', '', '', '', '', '', '', '', '', '', '', '', '', '', '', '', '', '', '', '', '', '', '', '', '', '', '', '', '', '', 1, '02/2023', 0, '2023-08-16 19:55:42'),
(50, '47243838', 'URIBE Morena Abigail', 14, 'Educación Física', '', '', '', '', '', '', '', '', '', '', '', '', '', '', '', '', '', '', '', '', '', '', '', '', '', '', '', '', '', '', '', '', '', '', '', '', '', '', '', '', '', '', '', '', '', 1, '02/2023', 0, '2023-08-16 19:55:42'),
(51, '47048526', 'URRA Carlos Daniel', 14, 'Educación Física', '', '', '', '', '', '', '', '', '', '', '', '', '', '', '', '', '', '', '', '', '', '', '', '', '', '', '', '', '', '', '', '', '', '', '', '', '', '', '', '', '', '', '', '', '', 1, '02/2023', 0, '2023-08-16 19:55:42'),
(52, '47471128', 'VEGA SOTO Priscila Nahir', 14, 'Educación Física', '', '', '', '', '', '', '', '', '', '', '', '', '', '', '', '', '', '', '', '', '', '', '', '', '', '', '', '', '', '', '', '', '', '', '', '', '', '', '', '', '', '', '', '', '', 1, '02/2023', 0, '2023-08-16 19:55:42');

-- --------------------------------------------------------

--
-- Estructura de tabla para la tabla `cursos`
--

CREATE TABLE `cursos` (
  `id` int(11) NOT NULL,
  `nombre` text COLLATE utf8_spanish_ci NOT NULL,
  `turno` text COLLATE utf8_spanish_ci NOT NULL,
  `estado` int(11) NOT NULL DEFAULT 1,
  `id_usuario` int(11) NOT NULL,
  `fecha` timestamp NOT NULL DEFAULT current_timestamp() ON UPDATE current_timestamp()
) ENGINE=InnoDB DEFAULT CHARSET=utf8 COLLATE=utf8_spanish_ci;

--
-- Volcado de datos para la tabla `cursos`
--

INSERT INTO `cursos` (`id`, `nombre`, `turno`, `estado`, `id_usuario`, `fecha`) VALUES
(1, '1º Primera ', 'Mañana', 1, 0, '2022-08-01 23:26:11'),
(2, '1º Segunda', 'Mañana', 1, 0, '2022-08-01 23:26:33'),
(3, '2º Primera', 'Mañana', 1, 0, '2022-08-01 23:26:52'),
(4, '1º Primera', 'Tarde', 1, 0, '2022-08-01 23:27:07'),
(5, '2º Primera', 'Tarde', 1, 0, '2022-08-01 23:27:25'),
(6, '2º Segunda', 'Tarde', 1, 0, '2022-08-01 23:27:42'),
(7, '3º Primera', 'Mañana', 1, 0, '2022-08-01 23:28:20'),
(8, '3º Segunda', 'Mañana', 1, 0, '2022-08-01 23:28:36'),
(9, '4º Primera', 'Mañana', 1, 0, '2022-08-01 23:28:57'),
(10, '4º Segunda', 'Mañana', 1, 0, '2023-06-02 12:53:46'),
(11, '5º Primera', 'Mañana', 1, 0, '2022-08-01 23:29:25'),
(12, '5º Segunda', 'Mañana', 1, 0, '2022-08-01 23:29:39'),
(13, '3º Primera', 'Tarde', 1, 0, '2022-08-01 23:30:32'),
(14, '4º Primera', 'Tarde', 1, 0, '2022-08-01 23:31:03'),
(15, '4º Segunda', 'Tarde', 1, 0, '2022-08-01 23:38:19'),
(16, '5º Primera', 'Tarde', 1, 0, '2022-08-01 23:38:37'),
(17, '5º Segunda', 'Tarde', 1, 0, '2022-08-01 23:38:50'),
(18, '1º Segunda', 'Tarde', 1, 0, '2023-05-30 22:44:38'),
(19, '2º Segunda', 'Mañana', 1, 0, '2023-06-12 23:11:54'),
(20, '3º Segunda', 'Tarde', 1, 0, '2023-06-12 23:45:33'),
(21, '1º Tercera', 'Tarde', 1, 0, '2023-08-16 16:58:29');

-- --------------------------------------------------------

--
-- Estructura de tabla para la tabla `primero`
--

CREATE TABLE `primero` (
  `id` int(11) NOT NULL,
  `documento` text COLLATE utf8_spanish_ci NOT NULL,
  `nombre` text COLLATE utf8_spanish_ci NOT NULL,
  `id_curso` int(11) NOT NULL,
  `email` text COLLATE utf8_spanish_ci NOT NULL,
  `saberes_cientifica` text COLLATE utf8_spanish_ci NOT NULL,
  `saberes_sociales` text COLLATE utf8_spanish_ci NOT NULL,
  `saberes_ingles` text COLLATE utf8_spanish_ci NOT NULL,
  `saberes_matematica` text COLLATE utf8_spanish_ci NOT NULL,
  `saberes_fisica` text COLLATE utf8_spanish_ci NOT NULL,
  `saberes_artistica` text COLLATE utf8_spanish_ci NOT NULL,
  `saberes_lengua` text COLLATE utf8_spanish_ci NOT NULL,
  `saberes_eve` text COLLATE utf8_spanish_ci NOT NULL,
  `aprecia_cientifica` text COLLATE utf8_spanish_ci NOT NULL,
  `aprecia_sociales` text COLLATE utf8_spanish_ci NOT NULL,
  `aprecia_ingles` text COLLATE utf8_spanish_ci NOT NULL,
  `aprecia_matematica` text COLLATE utf8_spanish_ci NOT NULL,
  `aprecia_fisica` text COLLATE utf8_spanish_ci NOT NULL,
  `aprecia_artistica` text COLLATE utf8_spanish_ci NOT NULL,
  `aprecia_lengua` text COLLATE utf8_spanish_ci NOT NULL,
  `aprecia_eve` text COLLATE utf8_spanish_ci NOT NULL,
  `asistencia_cientifica` text COLLATE utf8_spanish_ci NOT NULL,
  `asistencia_sociales` text COLLATE utf8_spanish_ci NOT NULL,
  `asistencia_ingles` text COLLATE utf8_spanish_ci NOT NULL,
  `asistencia_matematica` text COLLATE utf8_spanish_ci NOT NULL,
  `asistencia_fisica` text COLLATE utf8_spanish_ci NOT NULL,
  `asistencia_artistica` text COLLATE utf8_spanish_ci NOT NULL,
  `asistencia_lengua` text COLLATE utf8_spanish_ci NOT NULL,
  `asistencia_eve` text COLLATE utf8_spanish_ci NOT NULL,
  `observa_cientifica` text COLLATE utf8_spanish_ci NOT NULL,
  `observa_sociales` text COLLATE utf8_spanish_ci NOT NULL,
  `observa_ingles` text COLLATE utf8_spanish_ci NOT NULL,
  `observa_matematica` text COLLATE utf8_spanish_ci NOT NULL,
  `observa_fisica` text COLLATE utf8_spanish_ci NOT NULL,
  `observa_artistica` text COLLATE utf8_spanish_ci NOT NULL,
  `observa_lengua` text COLLATE utf8_spanish_ci NOT NULL,
  `observa_eve` text COLLATE utf8_spanish_ci NOT NULL,
  `estado` int(11) NOT NULL DEFAULT 1,
  `periodo` text COLLATE utf8_spanish_ci NOT NULL,
  `id_usuario` int(11) NOT NULL,
  `fecha` timestamp NOT NULL DEFAULT current_timestamp() ON UPDATE current_timestamp()
) ENGINE=InnoDB DEFAULT CHARSET=utf8 COLLATE=utf8_spanish_ci;

--
-- Volcado de datos para la tabla `primero`
--

INSERT INTO `primero` (`id`, `documento`, `nombre`, `id_curso`, `email`, `saberes_cientifica`, `saberes_sociales`, `saberes_ingles`, `saberes_matematica`, `saberes_fisica`, `saberes_artistica`, `saberes_lengua`, `saberes_eve`, `aprecia_cientifica`, `aprecia_sociales`, `aprecia_ingles`, `aprecia_matematica`, `aprecia_fisica`, `aprecia_artistica`, `aprecia_lengua`, `aprecia_eve`, `asistencia_cientifica`, `asistencia_sociales`, `asistencia_ingles`, `asistencia_matematica`, `asistencia_fisica`, `asistencia_artistica`, `asistencia_lengua`, `asistencia_eve`, `observa_cientifica`, `observa_sociales`, `observa_ingles`, `observa_matematica`, `observa_fisica`, `observa_artistica`, `observa_lengua`, `observa_eve`, `estado`, `periodo`, `id_usuario`, `fecha`) VALUES
(1, '49800018', 'ABARZUA MUÑOZ Octavio Hernán', 1, '', 'Científica 1º TM                  ', '', '', '', '', '', '', '', '', '', '', '', '', '', '', '', '', '', '45', '23', '54', '65', '', '21', '', '', '', '', '', '', '', '', 1, '02/2023', 8, '2023-09-07 23:40:59'),
(2, '49800927', 'ALARCON Gimena  Luciana', 1, '', 'Científica 1º TM                  ', '', '', '', '', '', '', '', '', '', '', '', '', '', '', '', '', '', '', '', '', '', '', '', '', '', '', '', '', '', '', '', 1, '02/2023', 0, '2023-09-06 21:29:15'),
(3, '49925663', 'ANABALON Milena Agostina', 1, '', 'Científica 1º TM                  ', '', '', '', '', '', '', '', 'En Proceso de Apropiación de Saberes', '', '', '', '', '', '', '', '28', '', '', '', '', '', '', '', '', '', '', '', '', '', '', '', 1, '02/2023', 8, '2023-09-06 21:29:29'),
(4, '49704175', 'AUBERT Alma Shasmin', 1, '', 'Científica 1º TM                  ', '', '', '', '', '', '', '', '', '', '', '', '', '', '', '', '', '', '', '', '', '', '', '', '', '', '', '', '', '', '', '', 1, '02/2023', 0, '2023-09-06 21:29:15'),
(5, '49800021', 'BIQ URRUTIA Jerónimo Daniel', 1, '', 'Científica 1º TM                  ', '', '', '', '', '', '', '', '', '', '', '', '', '', '', '', '', '92', '', '', '', '', '', '', '', '', '', '', '', '', '', '', 1, '02/2023', 8, '2023-09-07 22:19:43'),
(6, '49704186', 'CASTRO Juan Pablo', 1, '', 'Científica 1º TM                  ', '', '', '', '', '', '', '', '', '', '', '', '', '', '', '', '', '', '', '', '', '', '34', '', '', '', '', '', '', '', '', '', 1, '02/2023', 8, '2023-09-07 22:31:00'),
(7, '50271085', 'CUFRE Ian Yamil', 1, '', 'Científica 1º TM                  ', '', '', '', '', '', '', '', '', '', '', '', '', '', '', '', '', '', '', '', '', '', '', '', '', '', '', '', '', '', '', '', 1, '02/2023', 0, '2023-09-06 21:29:15'),
(8, '50466541', 'DE LA FUENTE Alejandro Nicolas', 1, '', 'Científica 1º TM                  ', '', '', '', '', '', '', '', '', '', '', '', '', '', '', '', '', '', '', '', '', '', '', '', '', '', '', '', '', '', '', '', 1, '02/2023', 0, '2023-09-06 21:29:15'),
(9, '50807339', 'DE RENZIS Francesca Anabella Nerea', 1, '', 'Científica 1º TM                  ', '', '', '', '', '', '', '', '', '', '', '', '', '', '', '', '', '', '', '', '', '', '', '', '', '', '', '', '', '', '', '', 1, '02/2023', 0, '2023-09-06 21:29:15'),
(10, '49703606', 'FAUNDEZ MOYA Milagros', 1, '', 'Científica 1º TM                  ', '', '', '', '', '', '', '', '', '', '', '', '', '', '', '', '', '', '', '', '', '', '', '', '', '', '', '', '', '', '', '', 1, '02/2023', 0, '2023-09-06 21:29:15'),
(11, '50709549', 'FERNANDEZ  Lautaro Emanuel', 1, '', 'Científica 1º TM                  ', '', '', '', '', '', '', '', '', '', '', '', '', '', '', '', '', '', '', '', '', '', '', '', '', '', '', '', '', '', '', '', 1, '02/2023', 0, '2023-09-06 21:29:15'),
(12, '50024142', 'GARRIDO Sahira Lucia', 1, '', 'Científica 1º TM                  ', '', '', '', '', '', '', '', '', '', '', '', '', '', '', '', '', '', '', '', '', '', '', '', '', '', '', '', '', '', '', '', 1, '02/2023', 0, '2023-09-06 21:29:15'),
(13, '32901836', 'GUILLEN QUEVEDO Angel Santiago', 1, '', 'Científica 1º TM                  ', '', '', '', '', '', '', '', '', '', '', '', '', '', '', '', '', '', '', '', '', '', '', '', '', '', '', '', '', '', '', '', 1, '02/2023', 0, '2023-09-06 21:29:15'),
(14, '50371006', 'IBARRA CONTRERA Facundo Oscar', 1, '', 'Científica 1º TM                  ', '', '', '', '', '', '', '', '', '', '', '', '', '', '', '', '', '', '', '', '', '', '', '', '', '', '', '', '', '', '', '', 1, '02/2023', 0, '2023-09-06 21:29:15'),
(15, '50024200', 'MANSILLA Celeste Araceli', 1, '', 'Científica 1º TM                  ', '', '', '', '', '', '', '', '', '', '', '', '', '', '', '', '', '', '', '', '', '', '', '', '', '', '', '', '', '', '', '', 1, '02/2023', 0, '2023-09-06 21:29:15'),
(16, '49704197', 'MASON Juan Pablo', 1, '', 'Científica 1º TM                  ', '', '', '', '', '', '', '', '', '', '', '', '', '', '', '', '', '', '', '', '', '', '', '', '', '', '', '', '', '', '', '', 1, '02/2023', 0, '2023-09-06 21:29:15'),
(17, '49925855', 'MONTECINO Ian Alejandro', 1, '', 'Científica 1º TM                  ', '', '', '', '', '', '', '', '', '', '', '', '', '', '', '', '', '', '', '', '', '', '', '', '', '', '', '', '', '', '', '', 1, '02/2023', 0, '2023-09-06 21:29:15'),
(18, '50371036', 'RISINI Maia Lujan', 1, '', 'Científica 1º TM                  ', '', '', '', '', '', '', '', '', '', '', '', '', '', '', '', '', '', '', '', '', '', '', '', '', '', '', '', '', '', '', '', 1, '02/2023', 0, '2023-09-06 21:29:15'),
(19, '49738598', 'RODRIGUEZ M?a Angeles', 1, '', 'Científica 1º TM                  ', '', '', '', '', '', '', '', '', '', '', '', '', '', '', '', '', '', '', '', '', '', '', '', '', '', '', '', '', '', '', '', 1, '02/2023', 0, '2023-09-06 21:29:15'),
(20, '50104565', 'RUIZ Agostina Maria', 1, '', 'Científica 1º TM                  ', '', '', '', '', '', '', '', '', '', '', '', '', '', '', '', '', '', '', '', '', '', '', '', '', '', '', '', '', '', '', '', 1, '02/2023', 0, '2023-09-06 21:29:15'),
(21, '50117380', 'SANCHEZ Lautaro Joaquin', 1, '', 'Científica 1º TM                  ', '', '', '', '', '', '', '', '', '', '', '', '', '', '', '', '', '', '', '', '', '', '', '', '', '', '', '', '', '', '', '', 1, '02/2023', 0, '2023-09-06 21:29:15'),
(22, '49950900', 'SOLIS Mia Eluney', 1, '', 'Científica 1º TM                  ', '', '', '', '', '', '', '', '', '', '', '', '', '', '', '', '', '', '', '', '', '', '', '', '', '', '', '', '', '', '', '', 1, '02/2023', 0, '2023-09-06 21:29:15'),
(23, '49925700', 'VALENZUELA Camila Nahiara', 1, '', 'Científica 1º TM                  ', '', '', '', '', '', '', '', '', '', '', '', '', '', '', '', '', '', '', '', '', '', '', '', '', '', '', '', '', '', '', '', 1, '02/2023', 0, '2023-09-06 21:29:15'),
(24, '50209893', 'VELASQUEZ Angeles Jazmin', 1, '', 'Científica 1º TM                  ', '', '', '', '', '', '', '', '', '', '', '', '', '', '', '', '', '', '', '', '', '', '', '', '', '', '', '', '', '', '', '', 1, '02/2023', 0, '2023-09-06 21:29:15'),
(25, '49573647', 'ZUÑIGA Thiago León', 1, '', 'Científica 1º TM                  ', '', '', '', '', '', '', '', '', '', '', '', '', '', '', '', '', '', '', '', '', '', '', '', '', '', '', '', '', '', '', '', 1, '02/2023', 0, '2023-09-06 21:29:15'),
(26, '50025243', 'BENEGAS VILLEGAS Axel Ivan', 4, '', '', '', '', '', '', '', '', '', '', '', '', '', '', '', '', '', '', '', '', '', '', '', '', '', '', '', '', '', '', '', '', '', 1, '02/2023', 0, '2023-08-16 19:15:20'),
(27, '49925657', 'CASTILLO MORA Ihara Nicol', 4, '', '', '', '', '', '', '', '', '', '', '', '', '', '', '', '', '', '', '', '', '', '', '', '', '', '', '', '', '', '', '', '', '', 1, '02/2023', 0, '2023-08-16 19:15:20'),
(28, '50158191', 'CONDORI BONIFAS Diego Vincent', 4, '', '', '', '', '', '', '', '', '', '', '', '', '', '', '', '', '', '', '', '', '', '', '', '', '', '', '', '', '', '', '', '', '', 1, '02/2023', 0, '2023-08-16 19:15:20'),
(29, '49925697', 'COÑEQUEO Samira Jazmin', 4, '', '', '', '', '', '', '', '', '', '', '', '', '', '', '', '', '', '', '', '', '', '', '', '', '', '', '', '', '', '', '', '', '', 1, '02/2023', 0, '2023-08-16 19:27:07'),
(30, '50209881', 'ENCINA Tomas Maximiliano', 4, '', '', '', '', '', '', '', '', '', '', '', '', '', '', '', '', '', '', '', '', '', '', '', '', '', '', '', '', '', '', '', '', '', 1, '02/2023', 0, '2023-08-16 19:15:20'),
(31, '50025439', 'FUENTES TRAUTWEILER Romeo Tahiel', 4, '', '', '', '', '', '', '', '', '', '', '', '', '', '', '', '', '', '', '', '', '', '', '', '', '', '', '', '', '', '', '', '', '', 1, '02/2023', 0, '2023-08-16 19:15:20'),
(32, '49950205', 'GALLARDO  FURRER Ramiro Matias', 4, '', '', '', '', '', '', '', '', '', '', '', '', '', '', '', '', '', '', '', '', '', '', '', '', '', '', '', '', '', '', '', '', '', 1, '02/2023', 0, '2023-08-16 19:15:20'),
(33, '50166415', 'GARCIA Valentin Cesar', 4, '', '', '', '', '', '', '', '', '', '', '', '', '', '', '', '', '', '', '', '', '', '', '', '', '', '', '', '', '', '', '', '', '', 1, '02/2023', 0, '2023-08-16 19:15:20'),
(34, '49399191', 'GODOY Yuliana Jazmin', 4, '', '', '', '', '', '', '', '', '', '', '', '', '', '', '', '', '', '', '', '', '', '', '', '', '', '', '', '', '', '', '', '', '', 1, '02/2023', 0, '2023-08-16 19:15:20'),
(35, '50117320', 'MANQUEO Joaquin Alexis', 4, '', '', '', '', '', '', '', '', '', '', '', '', '', '', '', '', '', '', '', '', '', '', '', '', '', '', '', '', '', '', '', '', '', 1, '02/2023', 0, '2023-08-16 19:15:20'),
(36, '50024195', 'MENDEZ Fatima', 4, '', '', '', '', '', '', '', '', '', '', '', '', '', '', '', '', '', '', '', '', '', '', '', '', '', '', '', '', '', '', '', '', '', 1, '02/2023', 0, '2023-08-16 19:15:20'),
(37, '49574332', 'MOLINE Tatiana Micaela', 4, '', '', '', '', '', '', '', '', '', '', '', '', '', '', '', '', '', '', '', '', '', '', '', '', '', '', '', '', '', '', '', '', '', 1, '02/2023', 0, '2023-08-16 19:15:20'),
(38, '50025276', 'OLATTE Keli', 4, '', '', '', '', '', '', '', '', '', '', '', '', '', '', '', '', '', '', '', '', '', '', '', '', '', '', '', '', '', '', '', '', '', 1, '02/2023', 0, '2023-08-16 19:15:20'),
(39, '49800889', 'PEREYRA Alma Antonela', 4, '', '', '', '', '', '', '', '', '', '', '', '', '', '', '', '', '', '', '', '', '', '', '', '', '', '', '', '', '', '', '', '', '', 1, '02/2023', 0, '2023-08-16 19:15:20'),
(40, '49844639', 'POLANCO Cesar Benjamin', 4, '', '', '', '', '', '', '', '', '', '', '', '', '', '', '', '', '', '', '', '', '', '', '', '', '', '', '', '', '', '', '', '', '', 1, '02/2023', 0, '2023-08-16 19:15:20'),
(41, '49925889', 'RAMIREZ Lautaro Emanuel', 4, '', '', '', '', '', '', '', '', '', '', '', '', '', '', '', '', '', '', '', '', '', '', '', '', '', '', '', '', '', '', '', '', '', 1, '02/2023', 0, '2023-08-16 19:15:20'),
(42, '50025248', 'RETAMAL PEREZ Valentina Amancay', 4, '', '', '', '', '', '', '', '', '', '', '', '', '', '', '', '', '', '', '', '', '', '', '', '', '', '', '', '', '', '', '', '', '', 1, '02/2023', 0, '2023-08-16 19:15:20'),
(43, '50588833', 'RIVAS Angeles Agostina', 4, '', '', '', '', '', '', '', '', '', '', '', '', '', '', '', '', '', '', '', '', '', '', '', '', '', '', '', '', '', '', '', '', '', 1, '02/2023', 0, '2023-08-16 19:15:20'),
(44, '49704141', 'RIVEROS Bianca Aylen', 4, '', '', '', '', '', '', '', '', '', '', '', '', '', '', '', '', '', '', '', '', '', '', '', '', '', '', '', '', '', '', '', '', '', 1, '02/2023', 0, '2023-08-16 19:15:20'),
(45, '49800035', 'TORRES OLIVA Zahiara Abigail', 4, '', '', '', '', '', '', '', '', '', '', '', '', '', '', '', '', '', '', '', '', '', '', '', '', '', '', '', '', '', '', '', '', '', 1, '02/2023', 0, '2023-08-16 19:15:20'),
(46, '49800978', 'VAZQUEZ Maximiliano Andrés', 4, '', '', '', '', '', '', '', '', '', '', '', '', '', '', '', '', '', '', '', '', '', '', '', '', '', '', '', '', '', '', '', '', '', 1, '02/2023', 0, '2023-08-16 19:28:43'),
(47, '50504873', 'BARRALES Nerea Aymara', 2, '', '', '', '', '', '', '', '', '', '', '', '', '', '', '', '', '', '', '', '', '', '', '', '', '', '', '', '', '', '', '', '', '', 1, '02/2023', 0, '2023-08-16 19:15:20'),
(48, '50024101', 'CARINAO Eduardo Alexander Exequiel', 2, '', '', '', '', '', '', '', '', '', '', '', '', '', '', '', '', '', '', '', '', '', '', '', '', '', '', '', '', '', '', '', '', '', 1, '02/2023', 0, '2023-08-16 19:15:20'),
(49, '50348174', 'CASTRO ALFONZO Malena Carolina', 2, '', '', '', '', '', '', '', '', '', '', '', '', '', '', '', '', '', '', '', '', '', '', '', '', '', '', '', '', '', '', '', '', '', 1, '02/2023', 0, '2023-08-16 19:15:20'),
(50, '49925866', 'DABOSER Simon Leonel', 2, '', '', '', '', '', '', '', '', '', '', '', '', '', '', '', '', '', '', '', '', '', '', '', '', '', '', '', '', '', '', '', '', '', 1, '02/2023', 0, '2023-08-16 19:15:20'),
(51, '49574347', 'FIGUEROA MARQUES DOS SANTOS Lihuen', 2, '', '', '', '', '', '', '', '', '', '', '', '', '', '', '', '', '', '85', '', '', '', '', '', '', '', '', '', '', '', '', '', '', '', 1, '02/2023', 8, '2023-09-06 21:32:09'),
(52, '49399213', 'IBARRA CONTRERA Victor Francisco', 2, '', '', '', '', '', '', '', '', '', '', '', '', '', '', '', '', '', '', '', '', '', '', '', '', '', '', '', '', '', '', '', '', '', 1, '02/2023', 0, '2023-08-16 19:15:20'),
(53, '49704160', 'INOSTROZA VILLAGRA Rodrigo Esteban', 2, '', '', '', '', '', '', '', '', '', '', '', '', '', '', '', '', '', '', '', '', '', '', '', '', '', '', '', '', '', '', '', '', '', 1, '02/2023', 0, '2023-08-16 19:15:20'),
(54, '50025257', 'LONCOMAN Jonathan Andres', 2, '', '', '', '', '', '', '', '', '', '', '', '', '', '', '', '', '', '', '', '', '', '', '', '', '', '', '', '', '', '', '', '', '', 1, '02/2023', 0, '2023-08-16 19:15:20'),
(55, '49925681', 'MAIDANA Francesco Agustin', 2, '', '', '', '', '', '', '', '', '', '', '', '', '', '', '', '', '', '', '', '', '', '', '', '', '', '', '', '', '', '', '', '', '', 1, '02/2023', 0, '2023-08-16 19:15:20'),
(56, '49950932', 'MENNICHELLI Camila Cassandra', 2, '', '', '', '', '', '', '', '', '', '', '', '', '', '', '', '', '', '', '', '', '', '', '', '', '', '', '', '', '', '', '', '', '', 1, '02/2023', 0, '2023-08-16 19:15:20'),
(57, '50504804', 'MORALES Lara Claudia', 2, '', '', '', '', '', '', '', '', '', '', '', '', '', '', '', '', '', '', '', '', '', '', '', '', '', '', '', '', '', '', '', '', '', 1, '02/2023', 0, '2023-08-16 19:15:20'),
(58, '50117343', 'MU?OZ Delfina Noemi', 2, '', '', '', '', '', '', '', '', '', '', '', '', '', '', '', '', '', '', '', '', '', '', '', '', '', '', '', '', '', '', '', '', '', 1, '02/2023', 0, '2023-08-16 19:15:20'),
(59, '49030395', 'PEREDA Guadalupe Milagros', 2, '', '', '', '', '', '', '', '', '', '', '', '', '', '', '', '', '', '', '', '', '', '', '', '', '', '', '', '', '', '', '', '', '', 1, '02/2023', 0, '2023-08-16 19:15:20'),
(60, '50024173', 'PEREDA Jazmin Antonella', 2, '', '', '', '', '', '', '', '', '', '', '', '', '', '', '', '', '', '', '', '', '', '', '', '', '', '', '', '', '', '', '', '', '', 1, '02/2023', 0, '2023-08-16 19:15:20'),
(61, '50271081', 'PEREZ MUÑOZ Yohana Caterine', 2, '', '', '', '', '', '', '', '', '', '', '', '', '', '', '', '', '', '', '', '', '', '', '', '', '', '', '', '', '', '', '', '', '', 1, '02/2023', 0, '2023-08-16 19:27:56'),
(62, '50025294', 'RIOS Josefina Lourdes', 2, '', '', '', '', '', '', '', '', '', '', '', '', '', '', '', '', '', '', '', '', '', '', '', '', '', '', '', '', '', '', '', '', '', 1, '02/2023', 0, '2023-08-16 19:15:20'),
(63, '50271121', 'RODRIGUEZ Thiago Valentin', 2, '', '', '', '', '', '', '', '', '', '', '', '', '', '', '', '', '', '', '', '', '', '', '', '', '', '', '', '', '', '', '', '', '', 1, '02/2023', 0, '2023-08-16 19:15:20'),
(64, '51148197', 'ROJAS Alma Nicole', 2, '', '', '', '', '', '', '', '', '', '', '', '', '', '', '', '', '', '', '', '', '', '', '', '', '', '', '', '', '', '', '', '', '', 1, '02/2023', 0, '2023-08-16 19:15:20'),
(65, '49925863', 'ROMERO Sahira Liz', 2, '', '', '', '', '', '', '', '', '', '', '', '', '', '', '', '', '', '', '', '', '', '', '', '', '', '', '', '', '', '', '', '', '', 1, '02/2023', 0, '2023-08-16 19:15:20'),
(66, '49844610', 'SANCHEZ Raziel Yamil', 2, '', '', '', '', '', '', '', '', '', '', '', '', '', '', '', '', '', '', '', '', '', '', '', '', '', '', '', '', '', '', '', '', '', 1, '02/2023', 0, '2023-08-16 19:15:20'),
(67, '49844632', 'SANDOVAL RODRIGUEZ Barbara Antonella', 2, '', '', '', '', '', '', '', '', '', '', '', '', '', '', '', '', '', '', '', '', '', '', '', '', '', '', '', '', '', '', '', '', '', 1, '02/2023', 0, '2023-08-16 19:15:20'),
(68, '50371008', 'SARAVIA Facundo Germain', 2, '', '', '', '', '', '', '', '', '', '', '', '', '', '', '', '', '', '', '', '', '', '', '', '', '', '', '', '', '', '', '', '', '', 1, '02/2023', 0, '2023-08-16 19:15:20'),
(69, '49704369', 'SEPULVEDA Zahira Yazmín', 2, '', '', '', '', '', '', '', '', '', '', '', '', '', '', '', '', '', '', '', '', '', '', '', '', '', '', '', '', '', '', '', '', '', 1, '02/2023', 0, '2023-08-16 19:28:17'),
(70, '49925679', 'SOLORZA Jesus Sebastian', 2, '', '', '', '', '', '', '', '', '', '', '', '', '', '', '', '', '', '', '', '', '', '', '', '', '', '', '', '', '', '', '', '', '', 1, '02/2023', 0, '2023-08-16 19:15:20'),
(71, '49925276', 'ZAPATA Kiara Mayron', 2, '', '', '', '', '', '', '', '', '', '', '', '', '', '', '', '', '', '', '', '', '', '', '', '', '', '', '', '', '', '', '', '', '', 1, '02/2023', 0, '2023-08-16 19:15:20'),
(72, '49925692', 'ALTAMIRANO Alexa Ludmila', 18, '', '', '', '', '', '', '', '', '', '', '', '', '', '', '', '', '', '', '', '', '', '', '', '', '', '', '', '', '', '', '', '', '', 1, '02/2023', 0, '2023-08-16 19:15:20'),
(73, '50117357', 'ARRATIA GONZALEZ Romina Jacqueline', 18, '', '', '', '', '', '', '', '', '', '', '', '', '', '', '', '', '', '', '', '', '', '', '', '', '', '', '', '', '', '', '', '', '', 1, '02/2023', 0, '2023-08-16 19:15:20'),
(74, '49912551', 'ARROYO Benjamin David', 18, '', '', '', '', '', '', '', '', '', '', '', '', '', '', '', '', '', '', '', '', '', '', '', '', '', '', '', '', '', '', '', '', '', 1, '02/2023', 0, '2023-08-16 19:15:20'),
(75, '49574459', 'CHANDIA HUAIQUIO Diego Nahir', 18, '', '', '', '', '', '', '', '', '', '', '', '', '', '', '', '', '', '', '', '', '', '', '', '', '', '', '', '', '', '', '', '', '', 1, '02/2023', 0, '2023-08-16 19:15:20'),
(76, '49574458', 'CHANDIA HUAIQUIO Sushay Lilen', 18, '', '', '', '', '', '', '', '', '', '', '', '', '', '', '', '', '', '', '', '', '', '', '', '', '', '', '', '', '', '', '', '', '', 1, '02/2023', 0, '2023-08-16 19:15:20'),
(77, '50117372', 'CORTEZ Lautaro Sebastian', 18, '', '', '', '', '', '', '', '', '', '', '', '', '', '', '', '', '', '', '', '', '', '', '', '', '', '', '', '', '', '', '', '', '', 1, '02/2023', 0, '2023-08-16 19:15:20'),
(78, '49800030', 'DIAZ Valentina Yazmín', 18, '', '', '', '', '', '', '', '', '', '', '', '', '', '', '', '', '', '', '', '', '', '', '', '', '', '', '', '', '', '', '', '', '', 1, '02/2023', 0, '2023-08-16 19:26:40'),
(79, '51002805', 'ESCUDERO Candela Abigail', 18, '', '', '', '', '', '', '', '', '', '', '', '', '', '', '', '', '', '', '', '', '', '', '', '', '', '', '', '', '', '', '', '', '', 1, '02/2023', 0, '2023-08-16 19:15:20'),
(80, '49925675', 'JARA VENEGAS Matías David', 18, '', '', '', '', '', '', '', '', '', '', '', '', '', '', '', '', '', '', '', '', '', '', '', '', '', '', '', '', '', '', '', '', '', 1, '02/2023', 0, '2023-08-16 19:27:34'),
(81, '49704179', 'LEIVA MIRANDA Leandro Romeo', 18, '', '', '', '', '', '', '', '', '', '', '', '', '', '', '', '', '', '', '', '', '', '', '', '', '', '', '', '', '', '', '', '', '', 1, '02/2023', 0, '2023-08-16 19:15:20'),
(82, '49465587', 'MARTINEZ Gonzalo Nahuel', 18, '', '', '', '', '', '', '', '', '', '', '', '', '', '', '', '', '', '', '', '', '', '', '', '', '', '', '', '', '', '', '', '', '', 1, '02/2023', 0, '2023-08-16 19:15:20'),
(83, '49800896', 'MERA MU?OZ Jasmin Aimara', 18, '', '', '', '', '', '', '', '', '', '', '', '', '', '', '', '', '', '', '', '', '', '', '', '', '', '', '', '', '', '', '', '', '', 1, '02/2023', 0, '2023-08-16 19:15:20'),
(84, '49925703', 'NAHUEL Guadalupe Ailin', 18, '', '', '', '', '', '', '', '', '', '', '', '', '', '', '', '', '', '', '', '', '', '', '', '', '', '', '', '', '', '', '', '', '', 1, '02/2023', 0, '2023-08-16 19:15:20'),
(85, '49574334', 'PARDO FIGUEROA Jeronimo Nahuel', 18, '', '', '', '', '', '', '', '', '', '', '', '', '', '', '', '', '', '', '', '', '', '', '', '', '', '', '', '', '', '', '', '', '', 1, '02/2023', 0, '2023-08-16 19:15:20'),
(86, '50371045', 'PEREYRA Rodrigo Lautaro', 18, '', '', '', '', '', '', '', '', '', '', '', '', '', '', '', '', '', '', '', '', '', '', '', '', '', '', '', '', '', '', '', '', '', 1, '02/2023', 0, '2023-08-16 19:15:20'),
(87, '50024125', 'PEREZ Facundo Maximiliano', 18, '', '', '', '', '', '', '', '', '', '', '', '', '', '', '', '', '', '', '', '', '', '', '', '', '', '', '', '', '', '', '', '', '', 1, '02/2023', 0, '2023-08-16 19:15:20'),
(88, '50271125', 'PEREZ Milagros Rayen', 18, '', '', '', '', '', '', '', '', '', '', '', '', '', '', '', '', '', '', '', '', '', '', '', '', '', '', '', '', '', '', '', '', '', 1, '02/2023', 0, '2023-08-16 19:15:20'),
(89, '49844638', 'ROSALES Ariana Valentina', 18, '', '', '', '', '', '', '', '', '', '', '', '', '', '', '', '', '', '', '', '', '', '', '', '', '', '', '', '', '', '', '', '', '', 1, '02/2023', 0, '2023-08-16 19:15:20'),
(90, '50873013', 'RUIZ Diogo Rodrigo', 18, '', '', '', '', '', '', '', '', '', '', '', '', '', '', '', '', '', '', '', '', '', '', '', '', '', '', '', '', '', '', '', '', '', 1, '02/2023', 0, '2023-08-16 19:15:20'),
(91, '49925920', 'SOLIS Brisa Nicole', 18, '', '', '', '', '', '', '', '', '', '', '', '', '', '', '', '', '', '', '', '', '', '', '', '', '', '', '', '', '', '', '', '', '', 1, '02/2023', 0, '2023-08-16 19:15:20'),
(92, '50209729', 'SUAZO Kiara Yazm?n', 18, '', '', '', '', '', '', '', '', '', '', '', '', '', '', '', '', '', '', '', '', '', '', '', '', '', '', '', '', '', '', '', '', '', 1, '02/2023', 0, '2023-08-16 19:15:20'),
(93, '49925890', 'URRA Luzmila Jazmin', 18, '', '', '', '', '', '', '', '', '', '', '', '', '', '', '', '', '', '', '', '', '', '', '', '', '', '', '', '', '', '', '', '', '', 1, '02/2023', 0, '2023-08-16 19:15:20'),
(94, '49031379', 'ARABALES Valentina Nicol', 21, '', '', '', '', '', '', '', '', '', '', '', '', '', '', '', '', '', '', '', '', '', '', '', '', '', '', '', '', '', '', '', '', '', 1, '02/2023', 0, '2023-08-16 19:15:20'),
(95, '49466529', 'BEROIZA Uriel Adrian', 21, '', '', '', '', '', '', '', '', '', '', '', '', '', '', '', '', '', '', '', '', '', '', '', '', '', '', '', '', '', '', '', '', '', 1, '02/2023', 0, '2023-08-16 19:15:20'),
(96, '49950893', 'CARNICER Reyna Cecilia', 21, '', '', '', '', '', '', '', '', '', '', '', '', '', '', '', '', '', '', '', '', '', '', '', '', '', '', '', '', '', '', '', '', '', 1, '02/2023', 0, '2023-08-16 19:15:20'),
(97, '50505347', 'CARRERA Morena Mia Paz', 21, '', '', '', '', '', '', '', '', '', '', '', '', '', '', '', '', '', '', '', '', '', '', '', '', '', '', '', '', '', '', '', '', '', 1, '02/2023', 0, '2023-08-16 19:15:20'),
(98, '49466834', 'DURAN Geraldine Mariana', 21, '', '', '', '', '', '', '', '', '', '', '', '', '', '', '', '', '', '', '', '', '', '', '', '', '', '', '', '', '', '', '', '', '', 1, '02/2023', 0, '2023-08-16 19:15:20'),
(99, '50024905', 'ESCOBAR Linda Evelyn', 21, '', '', '', '', '', '', '', '', '', '', '', '', '', '', '', '', '', '', '', '', '', '', '', '', '', '', '', '', '', '', '', '', '', 1, '02/2023', 0, '2023-08-16 19:15:20'),
(100, '48946369', 'HUILIPAN Estefania Soledad', 21, '', '', '', '', '', '', '', '', '', '', '', '', '', '', '', '', '', '', '', '', '', '', '', '', '', '', '', '', '', '', '', '', '', 1, '02/2023', 0, '2023-08-16 19:15:20'),
(101, '50025069', 'JARA Thiago Andres', 21, '', '', '', '', '', '', '', '', '', '', '', '', '', '', '', '', '', '', '', '', '', '', '', '', '', '', '', '', '', '', '', '', '', 1, '02/2023', 0, '2023-08-16 19:15:20'),
(102, '48530965', 'LACALLE MANCILLA Jazmin Ayme', 21, '', '', '', '', '', '', '', '', '', '', '', '', '', '', '', '', '', '', '', '', '', '', '', '', '', '', '', '', '', '', '', '', '', 1, '02/2023', 0, '2023-08-16 19:15:20'),
(103, '49462408', 'LIMACHE Marlene Abril', 21, '', '', '', '', '', '', '', '', '', '', '', '', '', '', '', '', '', '', '', '', '', '', '', '', '', '', '', '', '', '', '', '', '', 1, '02/2023', 0, '2023-08-16 19:15:20'),
(104, '49466580', 'MERI?O Aldamara Andrea', 21, '', '', '', '', '', '', '', '', '', '', '', '', '', '', '', '', '', '', '', '', '', '', '', '', '', '', '', '', '', '', '', '', '', 1, '02/2023', 0, '2023-08-16 19:15:20'),
(105, '49513362', 'MONZON  Isaias Exequiel', 21, '', '', '', '', '', '', '', '', '', '', '', '', '', '', '', '', '', '', '', '', '', '', '', '', '', '', '', '', '', '', '', '', '', 1, '02/2023', 0, '2023-08-16 19:15:20'),
(106, '49858835', 'MU?OZ  Facundo Daniel', 21, '', '', '', '', '', '', '', '', '', '', '', '', '', '', '', '', '', '', '', '', '', '', '', '', '', '', '', '', '', '', '', '', '', 1, '02/2023', 0, '2023-08-16 19:15:20'),
(107, '49925934', 'OBREQUE Ezequiel Alejandro', 21, '', '', '', '', '', '', '', '', '', '', '', '', '', '', '', '', '', '', '', '', '', '', '', '', '', '', '', '', '', '', '', '', '', 1, '02/2023', 0, '2023-08-16 19:15:20'),
(108, '49800887', 'ORTEGA SEPULVEDA Roxana Ayelen', 21, '', '', '', '', '', '', '', '', '', '', '', '', '', '', '', '', '', '', '', '', '', '', '', '', '', '', '', '', '', '', '', '', '', 1, '02/2023', 0, '2023-08-16 19:15:20'),
(109, '95372574', 'OTAZU GONZALEZ Luana Lujan', 21, '', '', '', '', '', '', '', '', '', '', '', '', '', '', '', '', '', '', '', '', '', '', '', '', '', '', '', '', '', '', '', '', '', 1, '02/2023', 0, '2023-08-16 19:15:20'),
(110, '48391512', 'PEREZ Gonzalo Ezequiel', 21, '', '', '', '', '', '', '', '', '', '', '', '', '', '', '', '', '', '', '', '', '', '', '', '', '', '', '', '', '', '', '', '', '', 1, '02/2023', 0, '2023-08-16 19:15:20'),
(111, '49925852', 'REYES Ulises  Ezequiel', 21, '', '', '', '', '', '', '', '', '', '', '', '', '', '', '', '', '', '', '', '', '', '', '', '', '', '', '', '', '', '', '', '', '', 1, '02/2023', 0, '2023-08-16 19:15:20'),
(112, '50242920', 'SEGUEL  Benjamin Ismael', 21, '', '', '', '', '', '', '', '', '', '', '', '', '', '', '', '', '', '', '', '', '', '', '', '', '', '', '', '', '', '', '', '', '', 1, '02/2023', 0, '2023-08-16 19:15:20'),
(113, '50117345', 'SEPULVEDA ORTEGA Valentino Elian', 21, '', '', '', '', '', '', '', '', '', '', '', '', '', '', '', '', '', '', '', '', '', '', '', '', '', '', '', '', '', '', '', '', '', 1, '02/2023', 0, '2023-08-16 19:15:20'),
(114, '49925280', 'VALENZUELA MOLINA Nerina Candela', 21, '', '', '', '', '', '', '', '', '', '', '', '', '', '', '', '', '', '', '', '', '', '', '', '', '', '', '', '', '', '', '', '', '', 1, '02/2023', 0, '2023-08-16 19:15:20'),
(115, '49800942', 'VARGAS MOLINA Elmer Andrés', 21, '', '', '', '', '', '', '', '', '', '', '', '', '', '', '', '', '', '', '', '', '', '', '', '', '', '', '', '', '', '', '', '', '', 1, '02/2023', 0, '2023-08-16 19:28:31'),
(116, '49466593', 'VILLASANTI Eliasim Claudio Damian', 21, '', '', '', '', '', '', '', '', '', '', '', '', '', '', '', '', '', '', '', '', '', '', '', '', '', '', '', '', '', '', '', '', '', 1, '02/2023', 0, '2023-08-16 19:15:20'),
(117, '50271095', 'VILLEGAS MUÑOZ Martín Emiliano', 21, '', '', '', '', '', '', '', '', '', '', '', '', '', '', '', '', '', '', '', '', '', '', '', '', '', '', '', '', '', '', '', '', '', 1, '02/2023', 0, '2023-08-16 19:29:03'),
(118, '49800849', 'VILO Juaquin Isaias', 21, '', '', '', '', '', '', '', '', '', '', '', '', '', '', '', '', '', '', '', '', '', '', '', '', '', '', '', '', '', '', '', '', '', 1, '02/2023', 0, '2023-08-16 19:15:20'),
(119, '23772378', 'LAPETTINA Guillermo Raúl', 1, 'glapettina@gmail.com', '', '', '', '', '', '', '', '', '', '', '', '', '', '', '', '', '', '', '', '', '', '', '', '', '', '', '', '', '', '', '', '', 1, '02/2023', 0, '2023-09-26 14:57:00');

-- --------------------------------------------------------

--
-- Estructura de tabla para la tabla `quinto`
--

CREATE TABLE `quinto` (
  `id` int(11) NOT NULL,
  `documento` text NOT NULL,
  `nombre` text NOT NULL,
  `id_curso` int(11) NOT NULL,
  `modalidad` text NOT NULL,
  `email` text NOT NULL,
  `saberes_cientifica` text NOT NULL,
  `saberes_sociales` text NOT NULL,
  `saberes_ingles` text NOT NULL,
  `saberes_matematica` text NOT NULL,
  `saberes_fisica` text NOT NULL,
  `saberes_artistica` text NOT NULL,
  `saberes_lengua` text NOT NULL,
  `saberes_eve` text NOT NULL,
  `saberes_intervencion` text NOT NULL,
  `saberes_ambiente` text NOT NULL,
  `saberes_natacion` text NOT NULL,
  `saberes_proyectos` text NOT NULL,
  `aprecia_cientifica` text NOT NULL,
  `aprecia_sociales` text NOT NULL,
  `aprecia_ingles` text NOT NULL,
  `aprecia_matematica` text NOT NULL,
  `aprecia_fisica` text NOT NULL,
  `aprecia_artistica` text NOT NULL,
  `aprecia_lengua` text NOT NULL,
  `aprecia_eve` text NOT NULL,
  `aprecia_intervencion` text NOT NULL,
  `aprecia_ambiente` text NOT NULL,
  `aprecia_natacion` text NOT NULL,
  `aprecia_proyectos` text NOT NULL,
  `asistencia_cientifica` text NOT NULL,
  `asistencia_sociales` text NOT NULL,
  `asistencia_ingles` text NOT NULL,
  `asistencia_matematica` text NOT NULL,
  `asistencia_fisica` text NOT NULL,
  `asistencia_artistica` text NOT NULL,
  `asistencia_lengua` text NOT NULL,
  `asistencia_eve` text NOT NULL,
  `asistencia_intervencion` text NOT NULL,
  `asistencia_ambiente` text NOT NULL,
  `asistencia_natacion` text NOT NULL,
  `asistencia_proyectos` text NOT NULL,
  `observa_cientifica` text NOT NULL,
  `observa_sociales` text NOT NULL,
  `observa_ingles` text NOT NULL,
  `observa_matematica` text NOT NULL,
  `observa_fisica` text NOT NULL,
  `observa_artistica` text NOT NULL,
  `observa_lengua` text NOT NULL,
  `observa_eve` text NOT NULL,
  `observa_intervencion` text NOT NULL,
  `observa_ambiente` text NOT NULL,
  `observa_natacion` text NOT NULL,
  `observa_proyectos` text NOT NULL,
  `estado` int(11) NOT NULL DEFAULT 1,
  `periodo` text NOT NULL,
  `id_usuario` int(11) NOT NULL,
  `fecha` timestamp NOT NULL DEFAULT current_timestamp() ON UPDATE current_timestamp()
) ENGINE=MyISAM DEFAULT CHARSET=latin1;

--
-- Volcado de datos para la tabla `quinto`
--

INSERT INTO `quinto` (`id`, `documento`, `nombre`, `id_curso`, `modalidad`, `email`, `saberes_cientifica`, `saberes_sociales`, `saberes_ingles`, `saberes_matematica`, `saberes_fisica`, `saberes_artistica`, `saberes_lengua`, `saberes_eve`, `saberes_intervencion`, `saberes_ambiente`, `saberes_natacion`, `saberes_proyectos`, `aprecia_cientifica`, `aprecia_sociales`, `aprecia_ingles`, `aprecia_matematica`, `aprecia_fisica`, `aprecia_artistica`, `aprecia_lengua`, `aprecia_eve`, `aprecia_intervencion`, `aprecia_ambiente`, `aprecia_natacion`, `aprecia_proyectos`, `asistencia_cientifica`, `asistencia_sociales`, `asistencia_ingles`, `asistencia_matematica`, `asistencia_fisica`, `asistencia_artistica`, `asistencia_lengua`, `asistencia_eve`, `asistencia_intervencion`, `asistencia_ambiente`, `asistencia_natacion`, `asistencia_proyectos`, `observa_cientifica`, `observa_sociales`, `observa_ingles`, `observa_matematica`, `observa_fisica`, `observa_artistica`, `observa_lengua`, `observa_eve`, `observa_intervencion`, `observa_ambiente`, `observa_natacion`, `observa_proyectos`, `estado`, `periodo`, `id_usuario`, `fecha`) VALUES
(1, '46795795', 'CAMPOS Juliana Ayelen', 11, 'Educación Física', '', '', '', '', '', '', '', '', '', '', '', '', '', '', '', '', '', '', '', '', '', '', '', '', '', '', '', '', '', '', '', '', '', '', '', '', '', '', '', '', '', '', '', '', '', '', '', '', '', 1, '02/2023', 0, '2023-08-17 12:25:36'),
(2, '47283235', 'CARCAMO Maria Clara', 11, 'Educación Física', '', '', '', '', '', '', '', '', '', '', '', '', '', '', '', '', '', '', '', '', '', '', '', '', '', '', '', '', '', '', '', '', '', '', '', '', '', '', '', '', '', '', '', '', '', '', '', '', '', 1, '02/2023', 0, '2023-08-17 12:25:36'),
(3, '47244243', 'COLLIHUIN SCHECK Sofia Valentina', 11, 'Educación Física', '', '', '', '', '', '', '', '', '', '', '', '', '', '', '', '', '', '', '', '', '', '', '', '', '', '', '', '', '', '', '', '', '', '', '', '', '', '', '', '', '', '', '', '', '', '', '', '', '', 1, '02/2023', 0, '2023-08-17 12:25:36'),
(4, '47180305', 'CONTRERAS Camila Ailen', 11, 'Educación Física', '', '', '', '', '', '', '', '', '', '', '', '', '', '', '', '', '', '', '', '', '', '', '', '', '', '', '', '', '', '', '', '', '', '', '', '', '', '', '', '', '', '', '', '', '', '', '', '', '', 1, '02/2023', 0, '2023-08-17 12:25:36'),
(5, '47243818', 'FIGUEROA Damaris Ayelen', 11, 'Educación Física', '', '', '', '', '', '', '', '', '', '', '', '', '', '', '', '', '', '', '', '', '', '', '', '', '', '', '', '', '', '', '', '', '', '', '', '', '', '', '', '', '', '', '', '', '', '', '', '', '', 1, '02/2023', 0, '2023-08-17 12:25:36'),
(6, '47283202', 'GONZALEZ Iara Abigail', 11, 'Educación Física', '', '', '', '', '', '', '', '', '', '', '', '', '', '', '', '', '', '', '', '', '', '', '', '', '', '', '', '', '', '', '', '', '', '', '', '', '', '', '', '', '', '', '', '', '', '', '', '', '', 1, '02/2023', 0, '2023-08-17 12:25:36'),
(7, '46536738', 'LASCANO Ana Paula', 11, 'Educación Física', '', '', '', '', '', '', '', '', '', '', '', '', '', '', '', '', '', '', '', '', '', '', '', '', '', '', '', '', '', '', '', '', '', '', '', '', '', '', '', '', '', '', '', '', '', '', '', '', '', 1, '02/2023', 0, '2023-08-17 12:25:36'),
(8, '46662230', 'LLANTEN ACUÑA Tobías Baltazar Jesús', 11, 'Educación Física', '', '', '', '', '', '', '', '', '', '', '', '', '', '', '', '', '', '', '', '', '', '', '', '', '', '', '', '', '', '', '', '', '', '', '', '', '', '', '', '', '', '', '', '', '', '', '', '', '', 1, '02/2023', 0, '2023-08-17 12:26:57'),
(9, '46931863', 'MARDONES Celeste Camila', 11, 'Educación Física', '', '', '', '', '', '', '', '', '', '', '', '', '', '', '', '', '', '', '', '', '', '', '', '', '', '', '', '', '', '', '', '', '', '', '', '', '', '', '', '', '', '', '', '', '', '', '', '', '', 1, '02/2023', 0, '2023-08-17 12:25:36'),
(10, '46931086', 'MATAMALA Maia Candela', 11, 'Educación Física', '', '', '', '', '', '', '', '', '', '', '', '', '', '', '', '', '', '', '', '', '', '', '', '', '', '', '', '', '', '', '', '', '', '', '', '', '', '', '', '', '', '', '', '', '', '', '', '', '', 1, '02/2023', 0, '2023-08-17 12:25:36'),
(11, '46795776', 'MONTECINO Lucas Rodrigo', 11, 'Educación Física', '', '', '', '', '', '', '', '', '', '', '', '', '', '', '', '', '', '', '', '', '', '', '', '', '', '', '', '', '', '', '', '', '', '', '', '', '', '', '', '', '', '', '', '', '', '', '', '', '', 1, '02/2023', 0, '2023-08-17 12:25:36'),
(12, '47283998', 'MUÑOZ Borja Ezequiel', 11, 'Educación Física', '', '', '', '', '', '', '', '', '', '', '', '', '', '', '', '', '', '', '', '', '', '', '', '', '', '', '', '', '', '', '', '', '', '', '', '', '', '', '', '', '', '', '', '', '', '', '', '', '', 1, '02/2023', 0, '2023-08-17 12:27:28'),
(13, '46724714', 'MUÑOZ Ernesto Sebastían', 11, 'Educación Física', '', '', '', '', '', '', '', '', '', '', '', '', '', '', '', '', '', '', '', '', '', '', '', '', '', '', '', '', '', '', '', '', '', '', '', '', '', '', '', '', '', '', '', '', '', '', '', '', '', 1, '02/2023', 0, '2023-08-17 12:27:16'),
(14, '47048564', 'MUÑOZ Gabriel Esteban', 11, 'Educación Física', '', '', '', '', '', '', '', '', '', '', '', '', '', '', '', '', '', '', '', '', '', '', '', '', '', '', '', '', '', '', '', '', '', '', '', '', '', '', '', '', '', '', '', '', '', '', '', '', '', 1, '02/2023', 0, '2023-08-17 12:27:38'),
(15, '47180373', 'MUÑOZ GARCIA Ruth Tiara', 11, 'Educación Física', '', '', '', '', '', '', '', '', '', '', '', '', '', '', '', '', '', '', '', '', '', '', '', '', '', '', '', '', '', '', '', '', '', '', '', '', '', '', '', '', '', '', '', '', '', '', '', '', '', 1, '02/2023', 0, '2023-08-17 12:28:07'),
(16, '47049447', 'ÑANCUFIL Luciana Abigail', 11, 'Educación Física', '', '', '', '', '', '', '', '', '', '', '', '', '', '', '', '', '', '', '', '', '', '', '', '', '', '', '', '', '', '', '', '', '', '', '', '', '', '', '', '', '', '', '', '', '', '', '', '', '', 1, '02/2023', 0, '2023-08-17 12:26:18'),
(17, '46792996', 'ORIHUELA Facundo Manuel', 11, 'Educación Física', '', '', '', '', '', '', '', '', '', '', '', '', '', '', '', '', '', '', '', '', '', '', '', '', '', '', '', '', '', '', '', '', '', '', '', '', '', '', '', '', '', '', '', '', '', '', '', '', '', 1, '02/2023', 0, '2023-08-17 12:25:36'),
(18, '47048544', 'QUINTANA Dana Nahir', 11, 'Educación Física', '', '', '', '', '', '', '', '', '', '', '', '', '', '', '', '', '', '', '', '', '', '', '', '', '', '', '', '', '', '', '', '', '', '', '', '', '', '', '', '', '', '', '', '', '', '', '', '', '', 1, '02/2023', 0, '2023-08-17 12:25:36'),
(19, '46481487', 'RODRIGUEZ PINCHEIRA Martina Jazmín', 11, 'Educación Física', '', '', '', '', '', '', '', '', '', '', '', '', '', '', '', '', '', '', '', '', '', '', '', '', '', '', '', '', '', '', '', '', '', '', '', '', '', '', '', '', '', '', '', '', '', '', '', '', '', 1, '02/2023', 0, '2023-08-17 12:28:25'),
(20, '47374814', 'ROJAS ARAVENA Mat?as Exequiel', 11, 'Educación Física', '', '', '', '', '', '', '', '', '', '', '', '', '', '', '', '', '', '', '', '', '', '', '', '', '', '', '', '', '', '', '', '', '', '', '', '', '', '', '', '', '', '', '', '', '', '', '', '', '', 1, '02/2023', 0, '2023-08-17 12:25:36'),
(21, '46664609', 'ROJAS VALENZUELA Abril Yanel', 11, 'Educación Física', '', '', '', '', '', '', '', '', '', '', '', '', '', '', '', '', '', '', '', '', '', '', '', '', '', '', '', '', '', '', '', '', '', '', '', '', '', '', '', '', '', '', '', '', '', '', '', '', '', 1, '02/2023', 0, '2023-08-17 12:25:36'),
(22, '46179468', 'SAEZ Sergio Emanuel', 11, 'Educación Física', '', '', '', '', '', '', '', '', '', '', '', '', '', '', '', '', '', '', '', '', '', '', '', '', '', '', '', '', '', '', '', '', '', '', '', '', '', '', '', '', '', '', '', '', '', '', '', '', '', 1, '02/2023', 0, '2023-08-17 12:25:36'),
(23, '46983088', 'SANCHEZ Selena Eluney', 11, 'Educación Física', '', '', '', '', '', '', '', '', '', '', '', '', '', '', '', '', '', '', '', '', '', '', '', '', '', '', '', '', '', '', '', '', '', '', '', '', '', '', '', '', '', '', '', '', '', '', '', '', '', 1, '02/2023', 0, '2023-08-17 12:25:36'),
(24, '47243822', 'SANDOVAL Morena Abigail', 11, 'Educación Física', '', '', '', '', '', '', '', '', '', '', '', '', '', '', '', '', '', '', '', '', '', '', '', '', '', '', '', '', '', '', '', '', '', '', '', '', '', '', '', '', '', '', '', '', '', '', '', '', '', 1, '02/2023', 0, '2023-08-17 12:25:36'),
(25, '47049977', 'SUAZO GUERRERO Yuliana Araceli', 11, 'Educación Física', '', '', '', '', '', '', '', '', '', '', '', '', '', '', '', '', '', '', '', '', '', '', '', '', '', '', '', '', '', '', '', '', '', '', '', '', '', '', '', '', '', '', '', '', '', '', '', '', '', 1, '02/2023', 0, '2023-08-17 12:25:36'),
(26, '45278194', 'ARGAÑARAZ  Luz Mariela', 16, 'Educación Física', '', '', '', '', '', '', '', '', '', '', '', '', '', '', '', '', '', '', '', '', '', '', '', '', '', '', '', '', '', '', '', '', '', '', '54', '54', '43', '', '', '', '', '', '', '', '', '', '', '', '', 1, '02/2023', 8, '2023-09-08 00:26:00'),
(27, '47243880', 'BLASCO Malena Abril', 16, 'Educación Física', '', '', '', '', '', '', '', '', '', '', '', '', '', '', '', '', '', '', '', '', '', '', '', '', '', '', '', '', '', '', '', '', '', '765', '', '', '', '', '', '', '', '', '', '', '', '', '', '', '', 1, '02/2023', 8, '2023-09-08 00:23:31'),
(28, '46983301', 'DE LA HOZ Brenda Antonella', 16, 'Educación Física', '', '', '', '', '', '', '', '', '', '', '', '', '', '', '', '', '', '', '', '', '', '', '', '', '', '', '', '', '', '', '', '', '', '', '', '', '', '', '', '', '', '', '', '', '', '', '', '', '', 1, '02/2023', 0, '2023-08-17 12:25:36'),
(29, '46179436', 'DEPAOLI Priscila Belen', 16, 'Educación Física', '', '', '', '', '', '', '', '', '', '', '', '', '', '', '', '', '', '', '', '', '', '', '', '', '', '', '', '', '', '', '', '', '', '', '', '', '', '', '', '', '', '', '', '', '', '', '', '', '', 1, '02/2023', 0, '2023-08-17 12:25:36'),
(30, '47071175', 'FLORES CESPEDES Abril Joselin', 16, 'Educación Física', '', '', '', '', '', '', '', '', '', '', '', '', '', '', '', '', '', '', '', '', '', '', '', '', '', '', '', '', '', '', '', '', '', '', '', '', '', '', '', '', '', '', '', '', '', '', '', '', '', 1, '02/2023', 0, '2023-08-17 12:25:36'),
(31, '46797137', 'FRITZ  CORONADO Nicol Ailen', 16, 'Educación Física', '', '', '', '', '', '', '', '', '', '', '', '', '', '', '', '', '', '', '', '', '', '', '', '', '', '', '', '', '', '', '', '', '', '', '', '', '', '', '', '', '', '', '', '', '', '', '', '', '', 1, '02/2023', 0, '2023-08-17 12:25:36'),
(32, '46797104', 'GARCES Priscila Tatiana', 16, 'Educación Física', '', '', '', '', '', '', '', '', '', '', '', '', '', '', '', '', '', '', '', '', '', '', '', '', '', '', '', '', '', '', '', '', '', '', '', '', '', '', '', '', '', '', '', '', '', '', '', '', '', 1, '02/2023', 0, '2023-08-17 12:25:36'),
(33, '46179306', 'GARRIDO SEGUEL Blanca Beatriz', 16, 'Educación Física', '', '', '', '', '', '', '', '', '', '', '', '', '', '', '', '', '', '', '', '', '', '', '', '', '', '', '', '', '', '', '', '', '', '', '', '', '', '', '', '', '', '', '', '', '', '', '', '', '', 1, '02/2023', 0, '2023-08-17 12:25:36'),
(34, '47049838', 'GODOY Camila Nicole', 16, 'Educación Física', '', '', '', '', '', '', '', '', '', '', '', '', '', '', '', '', '', '', '', '', '', '', '', '', '', '', '', '', '', '', '', '', '', '', '', '', '', '', '', '', '', '', '', '', '', '', '', '', '', 1, '02/2023', 0, '2023-08-17 12:25:36'),
(35, '46612635', 'GONZALEZ Aaron Gabriel Daniel', 16, 'Educación Física', '', '', '', '', '', '', '', '', '', '', '', '', '', '', '', '', '', '', '', '', '', '', '', '', '', '', '', '', '', '', '', '', '', '', '', '', '', '', '', '', '', '', '', '', '', '', '', '', '', 1, '02/2023', 0, '2023-08-17 12:25:36'),
(36, '47243827', 'HUENCHUMIR Lautaro Nicolas', 16, 'Educación Física', '', '', '', '', '', '', '', '', '', '', '', '', '', '', '', '', '', '', '', '', '', '', '', '', '', '', '', '', '', '', '', '', '', '', '', '', '', '', '', '', '', '', '', '', '', '', '', '', '', 1, '02/2023', 0, '2023-08-17 12:25:36'),
(37, '45580919', 'LOPEZ MARTINEZ Marco Mariano', 16, 'Educación Física', '', '', '', '', '', '', '', '', '', '', '', '', '', '', '', '', '', '', '', '', '', '', '', '', '', '', '', '', '', '', '', '', '', '', '', '', '', '', '', '', '', '', '', '', '', '', '', '', '', 1, '02/2023', 0, '2023-08-17 12:25:36'),
(38, '45884131', 'MAIDANA Jonathan Ezequiel', 16, 'Educación Física', '', '', '', '', '', '', '', '', '', '', '', '', '', '', '', '', '', '', '', '', '', '', '', '', '', '', '', '', '', '', '', '', '', '', '', '', '', '', '', '', '', '', '', '', '', '', '', '', '', 1, '02/2023', 0, '2023-08-17 12:25:36'),
(39, '47284006', 'MERILLAN Lautaro Agustin', 16, 'Educación Física', '', '', '', '', '', '', '', '', '', '', '', '', '', '', '', '', '', '', '', '', '', '', '', '', '', '', '', '', '', '', '', '', '', '', '', '', '', '', '', '', '', '', '', '', '', '', '', '', '', 1, '02/2023', 0, '2023-08-17 12:25:36'),
(40, '46983363', 'MILLAPAN INOSTROZA Briana Guadalupe', 16, 'Educación Física', '', '', '', '', '', '', '', '', '', '', '', '', '', '', '', '', '', '', '', '', '', '', '', '', '', '', '', '', '', '', '', '', '', '', '', '', '', '', '', '', '', '', '', '', '', '', '', '', '', 1, '02/2023', 0, '2023-08-17 12:25:36'),
(41, '46797127', 'MOLINA Sofia Alexandra', 16, 'Educación Física', '', '', '', '', '', '', '', '', '', '', '', '', '', '', '', '', '', '', '', '', '', '', '', '', '', '', '', '', '', '', '', '', '', '', '', '', '', '', '', '', '', '', '', '', '', '', '', '', '', 1, '02/2023', 0, '2023-08-17 12:25:36'),
(42, '44140825', 'ROBERTSON Tomas Gustavo', 16, 'Educación Física', '', '', '', '', '', '', '', '', '', '', '', '', '', '', '', '', '', '', '', '', '', '', '', '', '', '', '', '', '', '', '', '', '', '', '', '', '', '', '', '', '', '', '', '', '', '', '', '', '', 1, '02/2023', 0, '2023-08-17 12:25:36'),
(43, '46405180', 'SEGUEL Franco Ariel', 16, 'Educación Física', '', '', '', '', '', '', '', '', '', '', '', '', '', '', '', '', '', '', '', '', '', '', '', '', '', '', '', '', '', '', '', '', '', '', '', '', '', '', '', '', '', '', '', '', '', '', '', '', '', 1, '02/2023', 0, '2023-08-17 12:25:36'),
(44, '46982683', 'SOLIS Daira Lihuen Amancay', 16, 'Educación Física', '', '', '', '', '', '', '', '', '', '', '', '', '', '', '', '', '', '', '', '', '', '', '', '', '', '', '', '', '', '', '', '', '', '', '', '', '', '', '', '', '', '', '', '', '', '', '', '', '', 1, '02/2023', 0, '2023-08-17 12:25:36'),
(45, '47048076', 'VALENZUELA Vania Ludmila', 16, 'Educación Física', '', '', '', '', '', '', '', '', '', '', '', '', '', '', '', '', '', '', '', '', '', '', '', '', '', '', '', '', '', '', '', '', '', '', '', '', '', '', '', '', '', '', '', '', '', '', '', '', '', 1, '02/2023', 0, '2023-08-17 12:25:36');

-- --------------------------------------------------------

--
-- Estructura de tabla para la tabla `segundo`
--

CREATE TABLE `segundo` (
  `id` int(11) NOT NULL,
  `documento` text NOT NULL,
  `nombre` text NOT NULL,
  `id_curso` int(11) NOT NULL,
  `email` text NOT NULL,
  `saberes_cientifica` text NOT NULL,
  `saberes_sociales` text NOT NULL,
  `saberes_ingles` text NOT NULL,
  `saberes_matematica` text NOT NULL,
  `saberes_fisica` text NOT NULL,
  `saberes_artistica` text NOT NULL,
  `saberes_lengua` text NOT NULL,
  `saberes_eve` text NOT NULL,
  `aprecia_cientifica` text NOT NULL,
  `aprecia_sociales` text NOT NULL,
  `aprecia_ingles` text NOT NULL,
  `aprecia_matematica` text NOT NULL,
  `aprecia_fisica` text NOT NULL,
  `aprecia_artistica` text NOT NULL,
  `aprecia_lengua` text NOT NULL,
  `aprecia_eve` text NOT NULL,
  `asistencia_cientifica` text NOT NULL,
  `asistencia_sociales` text NOT NULL,
  `asistencia_ingles` text NOT NULL,
  `asistencia_matematica` text NOT NULL,
  `asistencia_fisica` text NOT NULL,
  `asistencia_artistica` text NOT NULL,
  `asistencia_lengua` text NOT NULL,
  `asistencia_eve` text NOT NULL,
  `observa_cientifica` text NOT NULL,
  `observa_sociales` text NOT NULL,
  `observa_ingles` text NOT NULL,
  `observa_matematica` text NOT NULL,
  `observa_fisica` text NOT NULL,
  `observa_artistica` text NOT NULL,
  `observa_lengua` text NOT NULL,
  `observa_eve` text NOT NULL,
  `estado` int(11) NOT NULL DEFAULT 1,
  `periodo` text NOT NULL,
  `id_usuario` int(11) NOT NULL,
  `fecha` timestamp NOT NULL DEFAULT current_timestamp() ON UPDATE current_timestamp()
) ENGINE=MyISAM DEFAULT CHARSET=latin1;

--
-- Volcado de datos para la tabla `segundo`
--

INSERT INTO `segundo` (`id`, `documento`, `nombre`, `id_curso`, `email`, `saberes_cientifica`, `saberes_sociales`, `saberes_ingles`, `saberes_matematica`, `saberes_fisica`, `saberes_artistica`, `saberes_lengua`, `saberes_eve`, `aprecia_cientifica`, `aprecia_sociales`, `aprecia_ingles`, `aprecia_matematica`, `aprecia_fisica`, `aprecia_artistica`, `aprecia_lengua`, `aprecia_eve`, `asistencia_cientifica`, `asistencia_sociales`, `asistencia_ingles`, `asistencia_matematica`, `asistencia_fisica`, `asistencia_artistica`, `asistencia_lengua`, `asistencia_eve`, `observa_cientifica`, `observa_sociales`, `observa_ingles`, `observa_matematica`, `observa_fisica`, `observa_artistica`, `observa_lengua`, `observa_eve`, `estado`, `periodo`, `id_usuario`, `fecha`) VALUES
(1, '49332852', 'ALCAPAN ULIARTE Luana Jerusalén', 3, '', '', '', '', '', '', '', '', '', '', '', '', '', '', '', '', '', '', '', '', '', '', '', '', '', '', '', '', '', '', '', '', '', 1, '02/2023', 0, '2023-08-16 19:36:25'),
(2, '49466421', 'CORTEZ Saira Jazmín', 3, '', '', '', '', '', '', '', '', '', '', '', '', '', '', '', '', '', '', '', '', '', '', '', '', '', '', '', '', '', '', '', '', '', 1, '02/2023', 0, '2023-08-16 19:39:31'),
(3, '49466546', 'DITZEL RIOS Alexander Gustavo', 3, '', '', '', '', '', '', '', '', '', '', '', '', '', '', '', '', '', '', '', '', '', '', '', '', '', '', '', '', '', '', '', '', '', 1, '02/2023', 0, '2023-08-16 19:33:18'),
(4, '48947468', 'MELILLAN Carmen Gabriela', 3, '', '', '', '', '', '', '', '', '', '', '', '', '', '', '', '', '', '', '', '', '', '', '', '', '', '', '', '', '', '', '', '', '', 1, '02/2023', 0, '2023-08-16 19:33:18'),
(5, '49218115', 'TRUPAN DIAZ Mateo Juaquin', 3, '', '', '', '', '', '', '', '', '', '', '', '', '', '', '', '', '', '', '', '', '', '', '', '', '', '', '', '', '', '', '', '', '', 1, '02/2023', 0, '2023-08-16 19:33:18'),
(6, '49030344', 'AGUILERA PE?A   Javier Alexander', 3, '', '', '', '', '', '', '', '', '', '', '', '', '', '', '', '', '', '95', '', '', '', '', '', '', '', '', '', '', '', '', '', '', '', 1, '02/2023', 8, '2023-09-07 21:54:43'),
(7, '48946387', 'ALVIAL RETAMAL Julieta Soledad', 3, '', '', '', '', '', '', '', '', '', '', '', '', '', '', '', '', '', '', '', '', '', '', '', '', '', '', '', '', '', '', '', '', '', 1, '02/2023', 0, '2023-08-16 19:33:18'),
(8, '48947490', 'ANTILLANCA  Kiara Morena', 3, '', '', '', '', '', '', '', '', '', '', '', '', '', '', '', '', '', '', '', '', '', '', '', '', '', '', '', '', '', '', '', '', '', 1, '02/2023', 0, '2023-08-16 19:33:18'),
(9, '49031367', 'ARIAS Berenice Lujan', 3, '', '', '', '', '', '', '', '', '', '', '', '', '', '', '', '', '', '', '', '', '', '', '', '', '', '', '', '', '', '', '', '', '', 1, '02/2023', 0, '2023-08-16 19:33:18'),
(10, '49339752', 'BEROISA Agostina Jazmín', 3, '', '', '', '', '', '', '', '', '', '', '', '', '', '', '', '', '', '', '', '', '', '', '', '', '', '', '', '', '', '', '', '', '', 1, '02/2023', 0, '2023-08-16 19:37:04'),
(11, '49029618', 'BETANCUR  Daniel Alberto', 3, '', '', '', '', '', '', '', '', '', '', '', '', '', '', '', '', '', '', '', '', '', '', '', '', '', '', '', '', '', '', '', '', '', 1, '02/2023', 0, '2023-08-16 19:33:18'),
(12, '49399723', 'CORONEL Mia Elizabeth', 3, '', '', '', '', '', '', '', '', '', '', '', '', '', '', '', '', '', '', '', '', '', '', '', '', '', '', '', '', '', '', '', '', '', 1, '02/2023', 0, '2023-08-16 19:33:18'),
(13, '49466279', 'COUCHEZ Ambar Giuliana', 3, '', '', '', '', '', '', '', '', '', '', '', '', '', '', '', '', '', '', '', '', '', '', '', '', '', '', '', '', '', '', '', '', '', 1, '02/2023', 0, '2023-08-16 19:33:18'),
(14, '48013615', 'COUTINHO LINARES Ignacio Gabriel', 3, '', '', '', '', '', '', '', '', '', '', '', '', '', '', '', '', '', '', '', '', '', '', '', '', '', '', '', '', '', '', '', '', '', 1, '02/2023', 0, '2023-08-16 19:33:18'),
(15, '49399739', 'DELMIRO  Joaquin  Emanuel', 3, '', '', '', '', '', '', '', '', '', '', '', '', '', '', '', '', '', '', '', '', '', '', '', '', '', '', '', '', '', '', '', '', '', 1, '02/2023', 0, '2023-08-16 19:33:18'),
(16, '48946353', 'DIAZ Agostina Romina', 3, '', '', '', '', '', '', '', '', '', '', '', '', '', '', '', '', '', '', '', '', '', '', '', '', '', '', '', '', '', '', '', '', '', 1, '02/2023', 0, '2023-08-16 19:33:18'),
(17, '49573524', 'DOMINGUEZ Laureano Valentin', 3, '', '', '', '', '', '', '', '', '', '', '', '', '', '', '', '', '', '', '', '', '', '', '', '', '', '', '', '', '', '', '', '', '', 1, '02/2023', 0, '2023-08-16 19:33:18'),
(18, '49339750', 'FIERRO  Lucas Agustín', 3, '', '', '', '', '', '', '', '', '', '', '', '', '', '', '', '', '', '', '', '', '', '', '', '', '', '', '', '', '', '', '', '', '', 1, '02/2023', 0, '2023-08-16 19:40:01'),
(19, '49279264', 'HERRERA Lourdes Guadalupe', 3, '', '', '', '', '', '', '', '', '', '', '', '', '', '', '', '', '', '', '', '', '', '', '', '', '', '', '', '', '', '', '', '', '', 1, '02/2023', 0, '2023-08-16 19:33:18'),
(20, '49138783', 'IBA?EZ Jazmin Iara', 3, '', '', '', '', '', '', '', '', '', '', '', '', '', '', '', '', '', '', '', '', '', '', '', '', '', '', '', '', '', '', '', '', '', 1, '02/2023', 0, '2023-08-16 19:33:18'),
(21, '49218282', 'LEIVA Mateo Benjamín', 3, '', '', '', '', '', '', '', '', '', '', '', '', '', '', '', '', '', '', '', '', '', '', '', '', '', '', '', '', '', '', '', '', '', 1, '02/2023', 0, '2023-08-16 19:40:52'),
(22, '48941726', 'LIZARRAGA Samirah Yazmin', 3, '', '', '', '', '', '', '', '', '', '', '', '', '', '', '', '', '', '', '', '', '', '', '', '', '', '', '', '', '', '', '', '', '', 1, '02/2023', 0, '2023-08-16 19:33:18'),
(23, '49030349', 'LUDUE?A DE AUTA Ariana Eluney', 3, '', '', '', '', '', '', '', '', '', '', '', '', '', '', '', '', '', '', '', '', '', '', '', '', '', '', '', '', '', '', '', '', '', 1, '02/2023', 0, '2023-08-16 19:33:18'),
(24, '48946361', 'MARTINEZ TORRES Bianca Michel', 3, '', '', '', '', '', '', '', '', '', '', '', '', '', '', '', '', '', '', '', '', '', '', '', '', '', '', '', '', '', '', '', '', '', 1, '02/2023', 0, '2023-08-16 19:33:18'),
(25, '49280137', 'MONCADA  Valentina Jasmin', 3, '', '', '', '', '', '', '', '', '', '', '', '', '', '', '', '', '', '', '', '', '', '', '', '', '', '', '', '', '', '', '', '', '', 1, '02/2023', 0, '2023-08-16 19:33:18'),
(26, '48946414', 'PICHUMIL Marcia Denisse', 3, '', '', '', '', '', '', '', '', '', '', '', '', '', '', '', '', '', '', '', '', '', '', '', '', '', '', '', '', '', '', '', '', '', 1, '02/2023', 0, '2023-08-16 19:33:18'),
(27, '49280173', 'QUINTANA Milagros Ailen', 3, '', '', '', '', '', '', '', '', '', '', '', '', '', '', '', '', '', '', '', '', '', '', '', '', '', '', '', '', '', '', '', '', '', 1, '02/2023', 0, '2023-08-16 19:33:18'),
(28, '49399364', 'ACUÑA Alan Agustin', 5, '', '', '', '', '', '', '', '', '', '', '', '', '', '', '', '', '', '', '', '', '', '', '', '', '', '', '', '', '', '', '', '', '', 1, '02/2023', 0, '2023-08-16 19:36:12'),
(29, '49030307', 'ARRIAGADA Gerem?as Julian', 5, '', '', '', '', '', '', '', '', '', '', '', '', '', '', '', '', '', '', '', '', '', '', '', '', '', '', '', '', '', '', '', '', '', 1, '02/2023', 0, '2023-08-16 19:33:18'),
(30, '49465101', 'BENDITTI Axel Luis', 5, '', '', '', '', '', '', '', '', '', '', '', '', '', '', '', '', '', '', '', '', '', '', '', '', '', '', '', '', '', '', '', '', '', 1, '02/2023', 0, '2023-08-16 19:33:18'),
(31, '48947487', 'CARRASCO Julieta Dannae', 5, '', '', '', '', '', '', '', '', '', '', '', '', '', '', '', '', '', '', '', '', '', '', '', '', '', '', '', '', '', '', '', '', '', 1, '02/2023', 0, '2023-08-16 19:33:18'),
(32, '49485411', 'CASADOUMON NUÑEZ Elizabeth Zahira', 5, '', '', '', '', '', '', '', '', '', '', '', '', '', '', '', '', '', '', '', '', '', '', '', '', '', '', '', '', '', '', '', '', '', 1, '02/2023', 0, '2023-08-16 19:37:50'),
(33, '49030390', 'GADEA GARCIA Juana Giselle', 5, '', '', '', '', '', '', '', '', '', '', '', '', '', '', '', '', '', '', '', '', '', '', '', '', '', '', '', '', '', '', '', '', '', 1, '02/2023', 0, '2023-08-16 19:33:18'),
(34, '49280141', 'GERLING Kelyn  Angelina', 5, '', '', '', '', '', '', '', '', '', '', '', '', '', '', '', '', '', '', '', '', '', '', '', '', '', '', '', '', '', '', '', '', '', 1, '02/2023', 0, '2023-08-16 19:33:18'),
(35, '49279263', 'JARA Nicolas Daniel', 5, '', '', '', '', '', '', '', '', '', '', '', '', '', '', '', '', '', '', '', '', '', '', '', '', '', '', '', '', '', '', '', '', '', 1, '02/2023', 0, '2023-08-16 19:33:18'),
(36, '49030318', 'LAGOS GELVES Selena Lujan', 5, '', '', '', '', '', '', '', '', '', '', '', '', '', '', '', '', '', '', '', '', '', '', '', '', '', '', '', '', '', '', '', '', '', 1, '02/2023', 0, '2023-08-16 19:33:18'),
(37, '49030367', 'MARTINEZ Thiago Lionel', 5, '', '', '', '', '', '', '', '', '', '', '', '', '', '', '', '', '', '', '', '', '', '', '', '', '', '', '', '', '', '', '', '', '', 1, '02/2023', 0, '2023-08-16 19:33:18'),
(38, '49340378', 'MERILLAN Nerea Micaela', 5, '', '', '', '', '', '', '', '', '', '', '', '', '', '', '', '', '', '', '', '', '', '', '', '', '', '', '', '', '', '', '', '', '', 1, '02/2023', 0, '2023-08-16 19:33:18'),
(39, '49465124', 'PARRA Gonzalo Benjamín', 5, '', '', '', '', '', '', '', '', '', '', '', '', '', '', '', '', '', '', '', '', '', '', '', '', '', '', '', '', '', '', '', '', '', 1, '02/2023', 0, '2023-08-16 19:41:54'),
(40, '49573902', 'PAVON MUÑOZ Danixa Daiara', 5, '', '', '', '', '', '', '', '', '', '', '', '', '', '', '', '', '', '', '', '', '', '', '', '', '', '', '', '', '', '', '', '', '', 1, '02/2023', 0, '2023-08-16 19:42:06'),
(41, '49029219', 'PERALTA TABORDA Sebastián', 5, '', '', '', '', '', '', '', '', '', '', '', '', '', '', '', '', '', '', '', '', '', '', '', '', '', '', '', '', '', '', '', '', '', 1, '02/2023', 0, '2023-08-16 19:42:26'),
(42, '50209717', 'POBLETE Mateo José Luis', 5, '', '', '', '', '', '', '', '', '', '', '', '', '', '', '', '', '', '', '', '', '', '', '', '', '', '', '', '', '', '', '', '', '', 1, '02/2023', 0, '2023-08-16 19:42:48'),
(43, '49465557', 'RAMOS Mateo Gabriel', 5, '', '', '', '', '', '', '', '', '', '', '', '', '', '', '', '', '', '', '', '', '', '', '', '', '', '', '', '', '', '', '', '', '', 1, '02/2023', 0, '2023-08-16 19:33:18'),
(44, '49023205', 'RETAMALES Iara Huilen', 5, '', '', '', '', '', '', '', '', '', '', '', '', '', '', '', '', '', '', '', '', '', '', '', '', '', '', '', '', '', '', '', '', '', 1, '02/2023', 0, '2023-08-16 19:33:18'),
(45, '48659616', 'ROMERO  Tiago Sebastian', 5, '', '', '', '', '', '', '', '', '', '', '', '', '', '', '', '', '', '', '', '', '', '', '', '', '', '', '', '', '', '', '', '', '', 1, '02/2023', 0, '2023-08-16 19:33:18'),
(46, '49031384', 'RUNG?AN URRA Yamila Ailen', 5, '', '', '', '', '', '', '', '', '', '', '', '', '', '', '', '', '', '', '', '', '', '', '', '', '', '', '', '', '', '', '', '', '', 1, '02/2023', 0, '2023-08-16 19:33:18'),
(47, '49218124', 'SALAZAR Oralis Nahiara', 5, '', '', '', '', '', '', '', '', '', '', '', '', '', '', '', '', '', '', '', '', '', '', '', '', '', '', '', '', '', '', '', '', '', 1, '02/2023', 0, '2023-08-16 19:33:18'),
(48, '49466592', 'SOTO CESPEDES Natali Alexandra', 5, '', '', '', '', '', '', '', '', '', '', '', '', '', '', '', '', '', '', '', '', '', '', '', '', '', '', '', '', '', '', '', '', '', 1, '02/2023', 0, '2023-08-16 19:33:18'),
(49, '49138793', 'URIBE  Aixa Nicole', 5, '', '', '', '', '', '', '', '', '', '', '', '', '', '', '', '', '', '', '', '', '', '', '', '', '', '', '', '', '', '', '', '', '', 1, '02/2023', 0, '2023-08-16 19:33:18'),
(50, '48731942', 'VENEGAS CATALDO Tomás Lautaro', 5, '', '', '', '', '', '', '', '', '', '', '', '', '', '', '', '', '', '', '', '', '', '', '', '', '', '', '', '', '', '', '', '', '', 1, '02/2023', 0, '2023-08-16 19:43:55'),
(51, '49031122', 'VILLALBA Lara Violeta', 5, '', '', '', '', '', '', '', '', '', '', '', '', '', '', '', '', '', '', '', '', '', '', '', '', '', '', '', '', '', '', '', '', '', 1, '02/2023', 0, '2023-08-16 19:33:18'),
(52, '49399743', 'BRAVO Angeles Denisse', 19, '', '', '', '', '', '', '', '', '', '', '', '', '', '', '', '', '', '', '', '', '', '', '', '', '', '', '', '', '', '', '', '', '', 1, '02/2023', 0, '2023-08-16 19:33:18'),
(53, '49031137', 'RODRIGUEZ Bruno Román', 19, '', '', '', '', '', '', '', '', '', '', '', '', '', '', '', '', '', '', '', '', '', '', '', '', '', '', '', '', '', '', '', '', '', 1, '02/2023', 0, '2023-08-16 19:43:24'),
(54, '49138736', 'ANABALON FERNANDEZ Mauro Ezequiel', 19, '', '', '', '', '', '', '', '', '', '', '', '', '', '', '', '', '', '', '', '', '', '', '', '', '', '', '', '', '', '', '', '', '', 1, '02/2023', 0, '2023-08-16 19:33:18'),
(55, '49466277', 'BUSTAMANTE Abril Sofia', 19, '', '', '', '', '', '', '', '', '', '', '', '', '', '', '', '', '', '', '', '', '', '', '', '', '', '', '', '', '', '', '', '', '', 1, '02/2023', 0, '2023-08-16 19:33:18'),
(56, '49029643', 'CARDOSO Braian Pablo', 19, '', '', '', '', '', '', '', '', '', '', '', '', '', '', '', '', '', '', '', '', '', '', '', '', '', '', '', '', '', '', '', '', '', 1, '02/2023', 0, '2023-08-16 19:33:18'),
(57, '49279290', 'CASTILLO CANALES Rocío Abigail', 19, '', '', '', '', '', '', '', '', '', '', '', '', '', '', '', '', '', '', '', '', '', '', '', '', '', '', '', '', '', '', '', '', '', 1, '02/2023', 0, '2023-08-16 19:38:01'),
(58, '48946433', 'CHAVEZ Priscila Darlen', 19, '', '', '', '', '', '', '', '', '', '', '', '', '', '', '', '', '', '', '', '', '', '', '', '', '', '', '', '', '', '', '', '', '', 1, '02/2023', 0, '2023-08-16 19:33:18'),
(59, '49399163', 'FUENTES Juan Leopoldo', 19, '', '', '', '', '', '', '', '', '', '', '', '', '', '', '', '', '', '', '', '', '', '', '', '', '', '', '', '', '', '', '', '', '', 1, '02/2023', 0, '2023-08-16 19:33:18'),
(60, '49218295', 'GIMENEZ Ciro Agustín', 19, '', '', '', '', '', '', '', '', '', '', '', '', '', '', '', '', '', '', '', '', '', '', '', '', '', '', '', '', '', '', '', '', '', 1, '02/2023', 0, '2023-08-16 19:40:16'),
(61, '49399166', 'GUZMAN Lautaro Nicolas', 19, '', '', '', '', '', '', '', '', '', '', '', '', '', '', '', '', '', '', '', '', '', '', '', '', '', '', '', '', '', '', '', '', '', 1, '02/2023', 0, '2023-08-16 19:33:18'),
(62, '49138794', 'HERRERA Xiomara Ailin', 19, '', '', '', '', '', '', '', '', '', '', '', '', '', '', '', '', '', '', '', '', '', '', '', '', '', '', '', '', '', '', '', '', '', 1, '02/2023', 0, '2023-08-16 19:33:18'),
(63, '49339832', 'INFANTE ESCOBAR Bautista Santiago Alejandro', 19, '', '', '', '', '', '', '', '', '', '', '', '', '', '', '', '', '', '', '', '', '', '', '', '', '', '', '', '', '', '', '', '', '', 1, '02/2023', 0, '2023-08-16 19:33:18'),
(64, '49280165', 'INOSTROZA ROSALES Araceli Belen', 19, '', '', '', '', '', '', '', '', '', '', '', '', '', '', '', '', '', '', '', '', '', '', '', '', '', '', '', '', '', '', '', '', '', 1, '02/2023', 0, '2023-08-16 19:33:18'),
(65, '49280002', 'JARA Angelina Solange', 19, '', '', '', '', '', '', '', '', '', '', '', '', '', '', '', '', '', '', '', '', '', '', '', '', '', '', '', '', '', '', '', '', '', 1, '02/2023', 0, '2023-08-16 19:33:18'),
(66, '49280153', 'LORENZO BERNALES Bruno Nahuel', 19, '', '', '', '', '', '', '', '', '', '', '', '', '', '', '', '', '', '', '', '', '', '', '', '', '', '', '', '', '', '', '', '', '', 1, '02/2023', 0, '2023-08-16 19:33:18'),
(67, '49138700', 'MORA  Thiago Agustín', 19, '', '', '', '', '', '', '', '', '', '', '', '', '', '', '', '', '', '', '', '', '', '', '', '', '', '', '', '', '', '', '', '', '', 1, '02/2023', 0, '2023-08-16 19:41:11'),
(68, '49466576', 'OYARZO PINO Juan Didier', 19, '', '', '', '', '', '', '', '', '', '', '', '', '', '', '', '', '', '', '', '', '', '', '', '', '', '', '', '', '', '', '', '', '', 1, '02/2023', 0, '2023-08-16 19:33:18'),
(69, '49466519', 'PENROZ FLORES Jazmin Eluney', 19, '', '', '', '', '', '', '', '', '', '', '', '', '', '', '', '', '', '', '', '', '', '', '', '', '', '', '', '', '', '', '', '', '', 1, '02/2023', 0, '2023-08-16 19:33:18'),
(70, '48946374', 'PEREIRA Soledad Iris', 19, '', '', '', '', '', '', '', '', '', '', '', '', '', '', '', '', '', '', '', '', '', '', '', '', '', '', '', '', '', '', '', '', '', 1, '02/2023', 0, '2023-08-16 19:33:18'),
(71, '49465003', 'ROMERO RODRIGUEZ Luana Ailen', 19, '', '', '', '', '', '', '', '', '', '', '', '', '', '', '', '', '', '', '', '', '', '', '', '', '', '', '', '', '', '', '', '', '', 1, '02/2023', 0, '2023-08-16 19:33:18'),
(72, '48947477', 'SANCHEZ Agustina Nicol', 19, '', '', '', '', '', '', '', '', '', '', '', '', '', '', '', '', '', '', '', '', '', '', '', '', '', '', '', '', '', '', '', '', '', 1, '02/2023', 0, '2023-08-16 19:33:18'),
(73, '49339810', 'SANDOVAL Juan Rubén', 19, '', '', '', '', '', '', '', '', '', '', '', '', '', '', '', '', '', '', '', '', '', '', '', '', '', '', '', '', '', '', '', '', '', 1, '02/2023', 0, '2023-08-16 19:43:37'),
(74, '49031368', 'TOLEDO Ludmila Sahiara', 19, '', '', '', '', '', '', '', '', '', '', '', '', '', '', '', '', '', '', '', '', '', '', '', '', '', '', '', '', '', '', '', '', '', 1, '02/2023', 0, '2023-08-16 19:33:18'),
(75, '49399174', 'TRONCOSO Morena Abigail', 19, '', '', '', '', '', '', '', '', '', '', '', '', '', '', '', '', '', '', '', '', '', '', '', '', '', '', '', '', '', '', '', '', '', 1, '02/2023', 0, '2023-08-16 19:33:18'),
(76, '49218120', 'ZAPATA Bruno Ariel', 19, '', '', '', '', '', '', '', '', '', '', '', '', '', '', '', '', '', '', '', '', '', '', '', '', '', '', '', '', '', '', '', '', '', 1, '02/2023', 0, '2023-08-16 19:33:18'),
(77, '49399199', 'BEROIZA KUSTER Ezequiel Valentin', 6, '', '', '', '', '', '', '', '', '', '', '', '', '', '', '', '', '', '', '', '', '', '', '', '', '', '', '', '', '', '', '', '', '', 1, '02/2023', 0, '2023-08-16 19:33:18'),
(78, '49030323', 'ALFARO  Solange Evelin', 6, '', '', '', '', '', '', '', '', '', '', '', '', '', '', '', '', '', '', '', '', '', '', '', '', '', '', '', '', '', '', '', '', '', 1, '02/2023', 0, '2023-08-16 19:33:18'),
(79, '49465103', 'AVENDAÑO Leonel Daniel', 6, '', '', '', '', '', '', '', '', '', '', '', '', '', '', '', '', '', '', '', '', '', '', '', '', '', '', '', '', '', '', '', '', '', 1, '02/2023', 0, '2023-08-16 19:36:50'),
(80, '49138755', 'BEROIZA Matías Ezequiel', 6, '', '', '', '', '', '', '', '', '', '', '', '', '', '', '', '', '', '', '', '', '', '', '', '', '', '', '', '', '', '', '', '', '', 1, '02/2023', 0, '2023-08-16 19:37:17'),
(81, '49399722', 'BRAVO Alex Damian', 6, '', '', '', '', '', '', '', '', '', '', '', '', '', '', '', '', '', '', '', '', '', '', '', '', '', '', '', '', '', '', '', '', '', 1, '02/2023', 0, '2023-08-16 19:33:18'),
(82, '48965152', 'CARNICER Isaías Maximiliano', 6, '', '', '', '', '', '', '', '', '', '', '', '', '', '', '', '', '', '', '', '', '', '', '', '', '', '', '', '', '', '', '', '', '', 1, '02/2023', 0, '2023-08-16 19:37:37'),
(83, '49218113', 'CASTILLO Luciano Joaquin', 6, '', '', '', '', '', '', '', '', '', '', '', '', '', '', '', '', '', '', '', '', '', '', '', '', '', '', '', '', '', '', '', '', '', 1, '02/2023', 0, '2023-08-16 19:33:18'),
(84, '49465102', 'DE LA HOZ Diamela Angélica', 6, '', '', '', '', '', '', '', '', '', '', '', '', '', '', '', '', '', '', '', '', '', '', '', '', '', '', '', '', '', '', '', '', '', 1, '02/2023', 0, '2023-08-16 19:39:44'),
(85, '49029635', 'HERNANDEZ Joaquín Ignacio', 6, '', '', '', '', '', '', '', '', '', '', '', '', '', '', '', '', '', '', '', '', '', '', '', '', '', '', '', '', '', '', '', '', '', 1, '02/2023', 0, '2023-08-16 19:40:34'),
(86, '49218111', 'INFANTE Morena Ariana', 6, '', '', '', '', '', '', '', '', '', '', '', '', '', '', '', '', '', '', '', '', '', '', '', '', '', '', '', '', '', '', '', '', '', 1, '02/2023', 0, '2023-08-16 19:33:18'),
(87, '49339829', 'LOPEZ MORA Gabriel Uriel', 6, '', '', '', '', '', '', '', '', '', '', '', '', '', '', '', '', '', '', '', '', '', '', '', '', '', '', '', '', '', '', '', '', '', 1, '02/2023', 0, '2023-08-16 19:33:18'),
(88, '48946350', 'MONCADA Angelina Soledad', 6, '', '', '', '', '', '', '', '', '', '', '', '', '', '', '', '', '', '', '', '', '', '', '', '', '', '', '', '', '', '', '', '', '', 1, '02/2023', 0, '2023-08-16 19:33:18'),
(89, '49030316', 'MONTECINO Malena Luana', 6, '', '', '', '', '', '', '', '', '', '', '', '', '', '', '', '', '', '', '', '', '', '', '', '', '', '', '', '', '', '', '', '', '', 1, '02/2023', 0, '2023-08-16 19:33:18'),
(90, '48866789', 'MUÑOZ Agustín Benjamín', 6, '', '', '', '', '', '', '', '', '', '', '', '', '', '', '', '', '', '', '', '', '', '', '', '', '', '', '', '', '', '', '', '', '', 1, '02/2023', 0, '2023-08-16 19:41:30'),
(91, '49339745', 'OÑATE Bianca Tiziana', 6, '', '', '', '', '', '', '', '', '', '', '', '', '', '', '', '', '', '', '', '', '', '', '', '', '', '', '', '', '', '', '', '', '', 1, '02/2023', 0, '2023-08-16 19:41:43'),
(92, '49399176', 'PASTRANA Santiago Nahuel', 6, '', '', '', '', '', '', '', '', '', '', '', '', '', '', '', '', '', '', '', '', '', '', '', '', '', '', '', '', '', '', '', '', '', 1, '02/2023', 0, '2023-08-16 19:33:18'),
(93, '49279258', 'PEREIRA Ariana Florencia', 6, '', '', '', '', '', '', '', '', '', '', '', '', '', '', '', '', '', '', '', '', '', '', '', '', '', '', '', '', '', '', '', '', '', 1, '02/2023', 0, '2023-08-16 19:33:18'),
(94, '49465125', 'PEREIRA Emiliano Agustín', 6, '', '', '', '', '', '', '', '', '', '', '', '', '', '', '', '', '', '', '', '', '', '', '', '', '', '', '', '', '', '', '', '', '', 1, '02/2023', 0, '2023-08-16 19:42:36'),
(95, '49218118', 'QUEUPAN Kiara Milagros', 6, '', '', '', '', '', '', '', '', '', '', '', '', '', '', '', '', '', '', '', '', '', '', '', '', '', '', '', '', '', '', '', '', '', 1, '02/2023', 0, '2023-08-16 19:33:18'),
(96, '49280183', 'RODRÍGUEZ BECERRA Lautaro Joaquín', 6, '', '', '', '', '', '', '', '', '', '', '', '', '', '', '', '', '', '', '', '', '', '', '', '', '', '', '', '', '', '', '', '', '', 1, '02/2023', 0, '2023-08-16 19:43:08'),
(97, '49031373', 'ROJAS ASTETE Clarissa Damaris', 6, '', '', '', '', '', '', '', '', '', '', '', '', '', '', '', '', '', '', '', '', '', '', '', '', '', '', '', '', '', '', '', '', '', 1, '02/2023', 0, '2023-08-16 19:33:18'),
(98, '49030306', 'SOTO Miqueas Fernando Ezequiel', 6, '', '', '', '', '', '', '', '', '', '', '', '', '', '', '', '', '', '', '', '', '', '', '', '', '', '', '', '', '', '', '', '', '', 1, '02/2023', 0, '2023-08-16 19:33:18'),
(99, '49573919', 'TORRES Eluney Jazmin', 6, '', '', '', '', '', '', '', '', '', '', '', '', '', '', '', '', '', '', '', '', '', '', '', '', '', '', '', '', '', '', '', '', '', 1, '02/2023', 0, '2023-08-16 19:33:18'),
(100, '48946365', 'URRA  NAHUEL Geronimo Hector', 6, '', '', '', '', '', '', '', '', '', '', '', '', '', '', '', '', '', '', '', '', '', '', '', '', '', '', '', '', '', '', '', '', '', 1, '02/2023', 0, '2023-08-16 19:33:18'),
(101, '49218106', 'ZUÑIGA GONZALEZ Tiara Jazmin', 6, '', '', '', '', '', '', '', '', '', '', '', '', '', '', '', '', '', '', '', '', '', '', '', '', '', '', '', '', '', '', '', '', '', 1, '02/2023', 0, '2023-08-16 19:44:14');

-- --------------------------------------------------------

--
-- Estructura de tabla para la tabla `tercero`
--

CREATE TABLE `tercero` (
  `id` int(11) NOT NULL,
  `documento` text NOT NULL,
  `nombre` text NOT NULL,
  `id_curso` int(11) NOT NULL,
  `modalidad` text NOT NULL,
  `email` text NOT NULL,
  `saberes_cientifica` text NOT NULL,
  `saberes_sociales` text NOT NULL,
  `saberes_ingles` text NOT NULL,
  `saberes_matematica` text NOT NULL,
  `saberes_fisica` text NOT NULL,
  `saberes_artistica` text NOT NULL,
  `saberes_lengua` text NOT NULL,
  `saberes_eve` text NOT NULL,
  `saberes_motricidad` text NOT NULL,
  `aprecia_cientifica` text NOT NULL,
  `aprecia_sociales` text NOT NULL,
  `aprecia_ingles` text NOT NULL,
  `aprecia_matematica` text NOT NULL,
  `aprecia_fisica` text NOT NULL,
  `aprecia_artistica` text NOT NULL,
  `aprecia_lengua` text NOT NULL,
  `aprecia_eve` text NOT NULL,
  `aprecia_motricidad` text NOT NULL,
  `asistencia_cientifica` text NOT NULL,
  `asistencia_sociales` text NOT NULL,
  `asistencia_ingles` text NOT NULL,
  `asistencia_matematica` text NOT NULL,
  `asistencia_fisica` text NOT NULL,
  `asistencia_artistica` text NOT NULL,
  `asistencia_lengua` text NOT NULL,
  `asistencia_eve` text NOT NULL,
  `asistencia_motricidad` text NOT NULL,
  `observa_cientifica` text NOT NULL,
  `observa_sociales` text NOT NULL,
  `observa_ingles` text NOT NULL,
  `observa_matematica` text NOT NULL,
  `observa_fisica` text NOT NULL,
  `observa_artistica` text NOT NULL,
  `observa_lengua` text NOT NULL,
  `observa_eve` text NOT NULL,
  `observa_motricidad` text NOT NULL,
  `estado` int(11) NOT NULL DEFAULT 1,
  `periodo` text NOT NULL,
  `id_usuario` int(11) NOT NULL,
  `fecha` timestamp NOT NULL DEFAULT current_timestamp() ON UPDATE current_timestamp()
) ENGINE=MyISAM DEFAULT CHARSET=latin1;

--
-- Volcado de datos para la tabla `tercero`
--

INSERT INTO `tercero` (`id`, `documento`, `nombre`, `id_curso`, `modalidad`, `email`, `saberes_cientifica`, `saberes_sociales`, `saberes_ingles`, `saberes_matematica`, `saberes_fisica`, `saberes_artistica`, `saberes_lengua`, `saberes_eve`, `saberes_motricidad`, `aprecia_cientifica`, `aprecia_sociales`, `aprecia_ingles`, `aprecia_matematica`, `aprecia_fisica`, `aprecia_artistica`, `aprecia_lengua`, `aprecia_eve`, `aprecia_motricidad`, `asistencia_cientifica`, `asistencia_sociales`, `asistencia_ingles`, `asistencia_matematica`, `asistencia_fisica`, `asistencia_artistica`, `asistencia_lengua`, `asistencia_eve`, `asistencia_motricidad`, `observa_cientifica`, `observa_sociales`, `observa_ingles`, `observa_matematica`, `observa_fisica`, `observa_artistica`, `observa_lengua`, `observa_eve`, `observa_motricidad`, `estado`, `periodo`, `id_usuario`, `fecha`) VALUES
(1, '48866916', 'ACUÑA LAMAS Max Gabriel', 7, 'Educación Física', '', '', '', '', '', '', '', '', '', '', '', '', '', '', '', '', '', '', '', '', '', '', '', '', '', '', '', '', '', '', '', '', '', '', '', '', '', 1, '02/2023', 0, '2023-08-16 19:49:07'),
(2, '48250862', 'AGUIRRE RAMOS Joaquín', 7, 'Educación Física', '', '', '', '', '', '', '', '', '', '', '', '', '', '', '', '', '', '', '', '', '', '', '', '', '', '', '', '', '', '', '', '', '', '', '', '', '', 1, '02/2023', 0, '2023-08-16 19:49:30'),
(3, '48946311', 'ANDRADE Mia Angeles', 7, 'Educación Física', '', '', '', '', '', '', '', '', '', '', '', '', '', '', '', '', '', '', '', '', '', '', '', '', '', '', '', '', '', '', '', '', '', '', '', '', '', 1, '02/2023', 0, '2023-08-16 19:47:04'),
(4, '48488496', 'ARANEDA Milagros Luciana', 7, 'Educación Física', '', '', '', '', '', '', '', '', '', '', '', '', '', '', '', '', '', '', '', '', '', '', '', '', '', '', '', '', '', '', '', '', '', '', '', '', '', 1, '02/2023', 0, '2023-08-16 19:47:04'),
(5, '48123321', 'BASTIAS Brisa Camila', 7, 'Educación Física', '', '', '', '', '', '', '', '', '', '', '', '', '', '', '', '', '', '', '', '', '', '', '', '', '', '', '', '', '', '', '', '', '', '', '', '', '', 1, '02/2023', 0, '2023-08-16 19:47:04'),
(6, '48530959', 'BASTIAS Guadalupe Lilen', 7, 'Educación Física', '', '', '', '', '', '', '', '', '', '', '', '', '', '', '', '', '', '', '', '', '', '', '', '', '', '', '', '', '', '', '', '', '', '', '', '', '', 1, '02/2023', 0, '2023-08-16 19:47:04'),
(7, '48392484', 'CARO  Carolina Milena', 7, 'Educación Física', '', '', '', '', '', '', '', '', '', '', '', '', '', '', '', '', '', '', '', '', '', '', '', '', '', '', '', '', '', '', '', '', '', '', '', '', '', 1, '02/2023', 0, '2023-08-16 19:47:04'),
(8, '47244231', 'CUELLAR Ivan David', 7, 'Educación Física', '', '', '', '', '', '', '', '', '', '', '', '', '', '', '', '', '', '', '', '', '', '', '', '', '', '', '', '', '', '', '', '', '', '', '', '', '', 1, '02/2023', 0, '2023-08-16 19:47:04'),
(9, '48474335', 'DA ROSA Antonella Magali', 7, 'Educación Física', '', '', '', '', '', '', '', '', '', '', '', '', '', '', '', '', '', '', '', '', '', '', '', '', '', '', '', '', '', '', '', '', '', '', '', '', '', 1, '02/2023', 0, '2023-08-16 19:47:04'),
(10, '48946331', 'DIAZ Tahiel Andres', 7, 'Educación Física', '', '', '', '', '', '', '', '', '', '', '', '', '', '', '', '', '', '', '', '', '', '', '', '', '', '', '', '', '', '', '', '', '', '', '', '', '', 1, '02/2023', 0, '2023-08-16 19:47:04'),
(11, '48251399', 'GONZALEZ Naiara Morena Abigail', 7, 'Educación Física', '', '', '', '', '', '', '', '', '', '', '', '', '', '', '', '', '', '', '', '', '', '', '', '', '', '', '', '', '', '', '', '', '', '', '', '', '', 1, '02/2023', 0, '2023-08-16 19:47:04'),
(12, '48250656', 'HENRIQUEZ Benjamin Gonzalo', 7, 'Educación Física', '', '', '', '', '', '', '', '', '', '', '', '', '', '', '', '', '', '', '', '', '', '', '', '', '', '', '', '', '', '', '', '', '', '', '', '', '', 1, '02/2023', 0, '2023-08-16 19:47:04'),
(13, '48659618', 'HERMOSILLA Daniel Gonzalo', 7, 'Educación Física', '', '', '', '', '', '', '', '', '', '', '', '', '', '', '', '', '', '', '', '', '', '', '', '', '', '', '', '', '', '', '', '', '', '', '', '', '', 1, '02/2023', 0, '2023-08-16 19:47:04'),
(14, '48731234', 'HUENCHUMIR Tahiel Jorge', 7, 'Educación Física', '', '', '', '', '', '', '', '', '', '', '', '', '', '', '', '', '', '', '', '', '', '', '', '', '', '', '', '', '', '', '', '', '', '', '', '', '', 1, '02/2023', 0, '2023-08-16 19:47:04'),
(15, '48251358', 'LOPEZ Joan Ezequiel', 7, 'Educación Física', '', '', '', '', '', '', '', '', '', '', '', '', '', '', '', '', '', '', '', '', '', '', '', '', '', '', '', '', '', '', '', '', '', '', '', '', '', 1, '02/2023', 0, '2023-08-16 19:47:04'),
(16, '47670550', 'MARTINEZ Martin Alejandro', 7, 'Educación Física', '', '', '', '', '', '', '', '', '', '', '', '', '', '', '', '', '', '', '', '', '', '', '', '', '', '', '', '', '', '', '', '', '', '', '', '', '', 1, '02/2023', 0, '2023-08-16 19:47:04'),
(17, '48731262', 'MENESES Iara Nicole', 7, 'Educación Física', '', '', '', '', '', '', '', '', '', '', '', '', '', '', '', '', '', '', '', '', '', '', '', '', '', '', '', '', '', '', '', '', '', '', '', '', '', 1, '02/2023', 0, '2023-08-16 19:47:04'),
(18, '48731255', 'OPASO Juan Bautista', 7, 'Educación Física', '', '', '', '', '', '', '', '', '', '', '', '', '', '', '', '', '', '', '', '', '', '', '', '', '', '', '', '', '', '', '', '', '', '', '', '', '', 1, '02/2023', 0, '2023-08-16 19:47:04'),
(19, '48866996', 'PAILLAO  GOMEZ Morena Camila', 7, 'Educación Física', '', '', '', '', '', '', '', '', '', '', '', '', '', '', '', '', '', '', '', '', '', '', '', '', '', '', '', '', '', '', '', '', '', '', '', '', '', 1, '02/2023', 0, '2023-08-16 19:47:04'),
(20, '48731285', 'REPPUCCI Kiara Alejandra', 7, 'Educación Física', '', '', '', '', '', '', '', '', '', '', '', '', '', '', '', '', '', '', '', '', '', '', '', '', '', '', '', '', '', '', '', '', '', '', '', '', '', 1, '02/2023', 0, '2023-08-16 19:47:04'),
(21, '48731266', 'RETAMAL MUÑOZ Luciana Priscila', 7, 'Educación Física', '', '', '', '', '', '', '', '', '', '', '', '', '', '', '', '', '', '', '', '', '', '', '', '', '', '', '', '', '', '', '', '', '', '', '', '', '', 1, '02/2023', 0, '2023-08-16 19:51:41'),
(22, '48731225', 'SANCHEZ Santiago Benjamin', 7, 'Educación Física', '', '', '', '', '', '', '', '', '', '', '', '', '', '', '', '', '', '', '', '', '', '', '', '', '', '', '', '', '', '', '', '', '', '', '', '', '', 1, '02/2023', 0, '2023-08-16 19:47:04'),
(23, '48250650', 'TORRES Tiara  Antonella', 7, 'Educación Física', '', '', '', '', '', '', '', '', '', '', '', '', '', '', '', '', '', '', '', '', '', '', '', '', '', '', '', '', '', '', '', '', '', '', '', '', '', 1, '02/2023', 0, '2023-08-16 19:47:04'),
(24, '48659656', 'TRONCOSO FEBRER Paula Naiara', 7, 'Educación Física', '', '', '', '', '', '', '', '', '', '', '', '', '', '', '', '', '', '', '', '', '', '', '', '', '', '', '', '', '', '', '', '', '', '', '', '', '', 1, '02/2023', 0, '2023-08-16 19:47:04'),
(25, '48250819', 'TRONCOSO Tiara Natalí', 7, 'Educación Física', '', '', '', '', '', '', '', '', '', '', '', '', '', '', '', '', '', '', '', '', '', '', '', '', '', '', '', '', '', '', '', '', '', '', '', '', '', 1, '02/2023', 0, '2023-08-16 19:52:05'),
(26, '48659684', 'VALLEJOS Facundo Ariel', 7, 'Educación Física', '', '', '', '', '', '', '', '', '', '', '', '', '', '', '', '', '', '', '', '', '', '', '', '', '', '', '', '', '', '', '', '', '', '', '', '', '', 1, '02/2023', 0, '2023-08-16 19:47:04'),
(27, '49085084', 'ASAYE Sergio Jesus', 13, 'Educación Física', '', '', '', '', '', '', '', '', '', '', '', '', '', '', '', '', '', '', '', '', '', '', '', '', '', '', '', '65', '', '', '', '', '', '', '', '', '', 1, '02/2023', 8, '2023-09-08 00:19:24'),
(28, '48250815', 'CASTILLO Ezequiel Agustin', 13, 'Educación Física', '', '', '', '', '', '', '', '', '', '', '', '', '', '', '', '', '', '', '', '', '', '', '', '', '', '', '', '', '', '', '', '', '', '', '', '', '', 1, '02/2023', 0, '2023-08-16 19:47:04'),
(29, '48660245', 'CASTILLO SUAZOLA Uriel', 13, 'Educación Física', '', '', '', '', '', '', '', '', '', '', '', '', '', '', '', '', '', '', '', '', '', '', '', '', '', '', '', '', '', '', '', '', '', '', '', '', '', 1, '02/2023', 0, '2023-08-16 19:47:04'),
(30, '48946316', 'DOMINGUEZ Marcos Mateo', 13, 'Educación Física', '', '', '', '', '', '', '', '', '', '', '', '', '', '', '', '', '', '', '', '', '', '', '', '', '', '', '', '', '', '', '', '', '', '', '', '', '', 1, '02/2023', 0, '2023-08-16 19:47:04'),
(31, '48391523', 'FERRADA Kevin Edgardo', 13, 'Educación Física', '', '', '', '', '', '', '', '', '', '', '', '', '', '', '', '', '', '', '', '', '', '', '', '', '', '', '', '', '', '', '', '', '', '', '', '', '', 1, '02/2023', 0, '2023-08-16 19:47:04'),
(32, '48392434', 'HERRERA Juan Pablo', 13, 'Educación Física', '', '', '', '', '', '', '', '', '', '', '', '', '', '', '', '', '', '', '', '', '', '', '', '', '', '', '', '', '', '', '', '', '', '', '', '', '', 1, '02/2023', 0, '2023-08-16 19:47:04'),
(33, '48727991', 'JARA Naiara  Antonella', 13, 'Educación Física', '', '', '', '', '', '', '', '', '', '', '', '', '', '', '', '', '', '', '', '', '', '', '', '', '', '', '', '', '', '', '', '', '', '', '', '', '', 1, '02/2023', 0, '2023-08-16 19:47:04'),
(34, '48946238', 'MAUREIRA Iara Ayelen', 13, 'Educación Física', '', '', '', '', '', '', '', '', '', '', '', '', '', '', '', '', '', '', '', '', '', '', '', '', '', '', '', '', '', '', '', '', '', '', '', '', '', 1, '02/2023', 0, '2023-08-16 19:47:04'),
(35, '48251367', 'MELO Angelina Denis', 13, 'Educación Física', '', '', '', '', '', '', '', '', '', '', '', '', '', '', '', '', '', '', '', '', '', '', '', '', '', '', '', '', '', '', '', '', '', '', '', '', '', 1, '02/2023', 0, '2023-08-16 19:47:04'),
(36, '48390504', 'MENESES Lautaro Ezequiel', 13, 'Educación Física', '', '', '', '', '', '', '', '', '', '', '', '', '', '', '', '', '', '', '', '', '', '', '', '', '', '', '', '', '', '', '', '', '', '', '', '', '', 1, '02/2023', 0, '2023-08-16 19:47:04'),
(37, '48319353', 'MERA MUÑOZ Santiago Benjamín', 13, 'Educación Física', '', '', '', '', '', '', '', '', '', '', '', '', '', '', '', '', '', '', '', '', '', '', '', '', '', '', '', '', '', '', '', '', '', '', '', '', '', 1, '02/2023', 0, '2023-08-16 19:51:07'),
(38, '48392382', 'MERINO Kiara Macarena', 13, 'Educación Física', '', '', '', '', '', '', '', '', '', '', '', '', '', '', '', '', '', '', '', '', '', '', '', '', '', '', '', '', '', '', '', '', '', '', '', '', '', 1, '02/2023', 0, '2023-08-16 19:47:04'),
(39, '48185585', 'MILLAPAN INOSTROZA Lucmila Jazmin', 13, 'Educación Física', '', '', '', '', '', '', '', '', '', '', '', '', '', '', '', '', '', '', '', '', '', '', '', '', '', '', '', '', '', '', '', '', '', '', '', '', '', 1, '02/2023', 0, '2023-08-16 19:47:04'),
(40, '48250622', 'MONTECINO  MARQUEZ Priscila Belen', 13, 'Educación Física', '', '', '', '', '', '', '', '', '', '', '', '', '', '', '', '', '', '', '', '', '', '', '', '', '', '', '', '', '', '', '', '', '', '', '', '', '', 1, '02/2023', 0, '2023-08-16 19:47:04'),
(41, '48866907', 'MONTIEL Cielo Yazmin', 13, 'Educación Física', '', '', '', '', '', '', '', '', '', '', '', '', '', '', '', '', '', '', '', '', '', '', '', '', '', '', '', '', '', '', '', '', '', '', '', '', '', 1, '02/2023', 0, '2023-08-16 19:47:04'),
(42, '48251388', 'PASTRANA Lautaro Benjamin', 13, 'Educación Física', '', '', '', '', '', '', '', '', '', '', '', '', '', '', '', '', '', '', '', '', '', '', '', '', '', '', '', '', '', '', '', '', '', '', '', '', '', 1, '02/2023', 0, '2023-08-16 19:47:04'),
(43, '48251382', 'ROQUER Gonzalo Nicolas', 13, 'Educación Física', '', '', '', '', '', '', '', '', '', '', '', '', '', '', '', '', '', '', '', '', '', '', '', '', '', '', '', '', '', '', '', '', '', '', '', '', '', 1, '02/2023', 0, '2023-08-16 19:47:04'),
(44, '48683160', 'RUBILAR Kamila Celeste', 13, 'Educación Física', '', '', '', '', '', '', '', '', '', '', '', '', '', '', '', '', '', '', '', '', '', '', '', '', '', '', '', '', '', '', '', '', '', '', '', '', '', 1, '02/2023', 0, '2023-08-16 19:47:04'),
(45, '47915167', 'SEPULVEDA Milagros Nicol', 13, 'Educación Física', '', '', '', '', '', '', '', '', '', '', '', '', '', '', '', '', '', '', '', '', '', '', '', '', '', '', '', '', '', '', '', '', '', '', '', '', '', 1, '02/2023', 0, '2023-08-16 19:47:04'),
(46, '48731216', 'SEPULVEDA Soledad Aylin', 13, 'Educación Física', '', '', '', '', '', '', '', '', '', '', '', '', '', '', '', '', '', '', '', '', '', '', '', '', '', '', '', '', '', '', '', '', '', '', '', '', '', 1, '02/2023', 0, '2023-08-16 19:47:04'),
(47, '48731217', 'SEPULVEDA Victoria Soledad', 13, 'Educación Física', '', '', '', '', '', '', '', '', '', '', '', '', '', '', '', '', '', '', '', '', '', '', '', '', '', '', '', '', '', '', '', '', '', '', '', '', '', 1, '02/2023', 0, '2023-08-16 19:47:04'),
(48, '48866921', 'SOTO FUENTEALBA Angelina Jenifer', 13, 'Educación Física', '', '', '', '', '', '', '', '', '', '', '', '', '', '', '', '', '', '', '', '', '', '', '', '', '', '', '', '', '', '', '', '', '', '', '', '', '', 1, '02/2023', 0, '2023-08-16 19:47:04'),
(49, '48250621', 'ACUÑA WAGNER Maria De Los Angeles', 8, 'Educación Física', '', '', '', '', '', '', '', '', '', '', '', '', '', '', '', '', '', '', '', '', '', '', '', '', '', '', '', '', '', '', '', '', '', '', '', '', '', 1, '02/2023', 0, '2023-08-16 19:49:19'),
(50, '48158667', 'ALVAREZ Julian Thiago Nahuel', 8, 'Educación Física', '', '', '', '', '', '', '', '', '', '', '', '', '', '', '', '', '', '', '', '', '', '', '', '', '', '', '', '', '', '', '', '', '', '', '', '', '', 1, '02/2023', 0, '2023-08-16 19:47:04'),
(51, '48250696', 'BAHAMONDEZ Brisa Luz Maria', 8, 'Educación Física', '', '', '', '', '', '', '', '', '', '', '', '', '', '', '', '', '', '', '', '', '', '', '', '', '', '', '', '', '', '', '', '', '', '', '', '', '', 1, '02/2023', 0, '2023-08-16 19:47:04'),
(52, '48731933', 'BARRIA Daira Abigail', 8, 'Educación Física', '', '', '', '', '', '', '', '', '', '', '', '', '', '', '', '', '', '', '', '', '', '', '', '', '', '', '', '', '', '', '', '', '', '', '', '', '', 1, '02/2023', 0, '2023-08-16 19:47:04'),
(53, '47471105', 'BEROISA Sergio Ariel', 8, 'Educación Física', '', '', '', '', '', '', '', '', '', '', '', '', '', '', '', '', '', '', '', '', '', '', '', '', '', '', '', '', '', '', '', '', '', '', '', '', '', 1, '02/2023', 0, '2023-08-16 19:47:04'),
(54, '48390512', 'BURGOS NUÑEZ Nelson Ezequiel', 8, 'Educación Física', '', '', '', '', '', '', '', '', '', '', '', '', '', '', '', '', '', '', '', '', '', '', '', '', '', '', '', '', '', '', '', '', '', '', '', '', '', 1, '02/2023', 0, '2023-08-16 19:49:55'),
(55, '48866781', 'CARRASCO PEÑAILILLO Dharma Macarena', 8, 'Educación Física', '', '', '', '', '', '', '', '', '', '', '', '', '', '', '', '', '', '', '', '', '', '', '', '', '', '', '', '', '', '', '', '', '', '', '', '', '', 1, '02/2023', 0, '2023-08-16 19:50:18'),
(56, '48392401', 'CEBALLOS Candela Lucia', 8, 'Educación Física', '', '', '', '', '', '', '', '', '', '', '', '', '', '', '', '', '', '', '', '', '', '', '', '', '', '', '', '', '', '', '', '', '', '', '', '', '', 1, '02/2023', 0, '2023-08-16 19:47:04'),
(57, '48659628', 'CONTRERAS Axel Adrian', 8, 'Educación Física', '', '', '', '', '', '', '', '', '', '', '', '', '', '', '', '', '', '', '', '', '', '', '', '', '', '', '', '', '', '', '', '', '', '', '', '', '', 1, '02/2023', 0, '2023-08-16 19:47:04'),
(58, '95401592', 'COPA HUANCA Erika Marisol', 8, 'Educación Física', '', '', '', '', '', '', '', '', '', '', '', '', '', '', '', '', '', '', '', '', '', '', '', '', '', '', '', '', '', '', '', '', '', '', '', '', '', 1, '02/2023', 0, '2023-08-16 19:47:04'),
(59, '48392374', 'GOMEZ GACITUA Agostina Morena', 8, 'Educación Física', '', '', '', '', '', '', '', '', '', '', '', '', '', '', '', '', '', '', '', '', '', '', '', '', '', '', '', '', '', '', '', '', '', '', '', '', '', 1, '02/2023', 0, '2023-08-16 19:47:04'),
(60, '48250662', 'GONZALEZ Mara  Lucia', 8, 'Educación Física', '', '', '', '', '', '', '', '', '', '', '', '', '', '', '', '', '', '', '', '', '', '', '', '', '', '', '', '', '', '', '', '', '', '', '', '', '', 1, '02/2023', 0, '2023-08-16 19:47:04'),
(61, '48250860', 'KALASNICOI Ana Victoria', 8, 'Educación Física', '', '', '', '', '', '', '', '', '', '', '', '', '', '', '', '', '', '', '', '', '', '', '', '', '', '', '', '', '', '', '', '', '', '', '', '', '', 1, '02/2023', 0, '2023-08-16 19:47:04'),
(62, '48250628', 'LAGOS Luciana Milena', 8, 'Educación Física', '', '', '', '', '', '', '', '', '', '', '', '', '', '', '', '', '', '', '', '', '', '', '', '', '', '', '', '', '', '', '', '', '', '', '', '', '', 1, '02/2023', 0, '2023-08-16 19:47:04'),
(63, '48318968', 'MARTINEZ Joaquin Nicolas', 8, 'Educación Física', '', '', '', '', '', '', '', '', '', '', '', '', '', '', '', '', '', '', '', '', '', '', '', '', '', '', '', '', '', '', '', '', '', '', '', '', '', 1, '02/2023', 0, '2023-08-16 19:47:04'),
(64, '48390502', 'MEDEL CANIO Benjamin Isaac', 8, 'Educación Física', '', '', '', '', '', '', '', '', '', '', '', '', '', '', '', '', '', '', '', '', '', '', '', '', '', '', '', '', '', '', '', '', '', '', '', '', '', 1, '02/2023', 0, '2023-08-16 19:47:04'),
(65, '48531346', 'MU?OZ Camila Abigail', 8, 'Educación Física', '', '', '', '', '', '', '', '', '', '', '', '', '', '', '', '', '', '', '', '', '', '', '', '', '', '', '', '', '', '', '', '', '', '', '', '', '', 1, '02/2023', 0, '2023-08-16 19:47:04'),
(66, '48660224', 'MUÑOZ Nicolás Gabriel', 8, 'Educación Física', '', '', '', '', '', '', '', '', '', '', '', '', '', '', '', '', '', '', '', '', '', '', '', '', '', '', '', '', '', '', '', '', '', '', '', '', '', 1, '02/2023', 0, '2023-08-16 19:51:24'),
(67, '48866922', 'OYARZO PINO Joaquin Demian', 8, 'Educación Física', '', '', '', '', '', '', '', '', '', '', '', '', '', '', '', '', '', '', '', '', '', '', '', '', '', '', '', '', '', '', '', '', '', '', '', '', '', 1, '02/2023', 0, '2023-08-16 19:47:04'),
(68, '48392452', 'PINTOS Luis Alberto', 8, 'Educación Física', '', '', '', '', '', '', '', '', '', '', '', '', '', '', '', '', '', '', '', '', '', '', '', '', '', '', '', '', '', '', '', '', '', '', '', '', '', 1, '02/2023', 0, '2023-08-16 19:47:04'),
(69, '48616702', 'ROMERO RODRIGUEZ Keila Antonella', 8, 'Educación Física', '', '', '', '', '', '', '', '', '', '', '', '', '', '', '', '', '', '', '', '', '', '', '', '', '', '', '', '', '', '', '', '', '', '', '', '', '', 1, '02/2023', 0, '2023-08-16 19:47:04'),
(70, '48731946', 'SANCHEZ Morena Valentina', 8, 'Educación Física', '', '', '', '', '', '', '', '', '', '', '', '', '', '', '', '', '', '', '', '', '', '', '', '', '', '', '', '', '', '', '', '', '', '', '', '', '', 1, '02/2023', 0, '2023-08-16 19:47:04'),
(71, '48866997', 'SOTO Lurdes Kiara', 8, 'Educación Física', '', '', '', '', '', '', '', '', '', '', '', '', '', '', '', '', '', '', '', '', '', '', '', '', '', '', '', '', '', '', '', '', '', '', '', '', '', 1, '02/2023', 0, '2023-08-16 19:47:04'),
(72, '48866747', 'ZAPATA Aluen Ariadna', 8, 'Educación Física', '', '', '', '', '', '', '', '', '', '', '', '', '', '', '', '', '', '', '', '', '', '', '', '', '', '', '', '', '', '', '', '', '', '', '', '', '', 1, '02/2023', 0, '2023-08-16 19:47:04'),
(73, '48659670', 'ZUMELZU Osvaldo Emanuel', 8, 'Educación Física', '', '', '', '', '', '', '', '', '', '', '', '', '', '', '', '', '', '', '', '', '', '', '', '', '', '', '', '', '', '', '', '', '', '', '', '', '', 1, '02/2023', 0, '2023-08-16 19:47:04'),
(74, '48731910', 'ZUÑIGA Franco Matías', 8, 'Educación Física', '', '', '', '', '', '', '', '', '', '', '', '', '', '', '', '', '', '', '', '', '', '', '', '', '', '', '', '', '', '', '', '', '', '', '', '', '', 1, '02/2023', 0, '2023-08-16 19:52:22');

-- --------------------------------------------------------

--
-- Estructura de tabla para la tabla `usuarios`
--

CREATE TABLE `usuarios` (
  `id` int(11) NOT NULL,
  `nombre` text COLLATE utf8_spanish_ci NOT NULL,
  `telefono` text COLLATE utf8_spanish_ci NOT NULL,
  `usuario` text COLLATE utf8_spanish_ci NOT NULL,
  `password` text COLLATE utf8_spanish_ci NOT NULL,
  `perfil` text COLLATE utf8_spanish_ci NOT NULL,
  `foto` text COLLATE utf8_spanish_ci NOT NULL,
  `estado` int(11) NOT NULL DEFAULT 1,
  `ultimo_login` datetime NOT NULL,
  `fecha` timestamp NOT NULL DEFAULT current_timestamp() ON UPDATE current_timestamp()
) ENGINE=InnoDB DEFAULT CHARSET=utf8 COLLATE=utf8_spanish_ci;

--
-- Volcado de datos para la tabla `usuarios`
--

INSERT INTO `usuarios` (`id`, `nombre`, `telefono`, `usuario`, `password`, `perfil`, `foto`, `estado`, `ultimo_login`, `fecha`) VALUES
(8, 'Lapettina Guillermo', '2984417763', 'lape', '$2a$07$usesomesillystringforeKFErhzzmd6AoycQvV4lokWBof7hIUcW', 'Administrador', '', 1, '2023-10-03 17:14:37', '2023-10-03 20:14:37'),
(163, 'ELENA MARIA AGUSTINA', '2213032130', 'mod34798332', '$2a$07$usesomesillystringforezp9Zw/5FAxTkBYCmdE7kdPV9i/RAFUq', 'Docente Modalidad Educación Física', '', 1, '2023-09-04 16:17:27', '2023-09-04 19:17:27'),
(164, 'ELENA MARIA AGUSTINA (Orientación)', '2984748972', 'mod3479833', '$2a$07$usesomesillystringforezp9Zw/5FAxTkBYCmdE7kdPV9i/RAFUq', 'Docente Modalidad Educación Física', '', 1, '0000-00-00 00:00:00', '2023-10-03 11:51:13');

--
-- Índices para tablas volcadas
--

--
-- Indices de la tabla `cuarto`
--
ALTER TABLE `cuarto`
  ADD PRIMARY KEY (`id`);

--
-- Indices de la tabla `cursos`
--
ALTER TABLE `cursos`
  ADD PRIMARY KEY (`id`);

--
-- Indices de la tabla `primero`
--
ALTER TABLE `primero`
  ADD PRIMARY KEY (`id`);

--
-- Indices de la tabla `quinto`
--
ALTER TABLE `quinto`
  ADD PRIMARY KEY (`id`);

--
-- Indices de la tabla `segundo`
--
ALTER TABLE `segundo`
  ADD PRIMARY KEY (`id`);

--
-- Indices de la tabla `tercero`
--
ALTER TABLE `tercero`
  ADD PRIMARY KEY (`id`);

--
-- Indices de la tabla `usuarios`
--
ALTER TABLE `usuarios`
  ADD PRIMARY KEY (`id`);

--
-- AUTO_INCREMENT de las tablas volcadas
--

--
-- AUTO_INCREMENT de la tabla `cuarto`
--
ALTER TABLE `cuarto`
  MODIFY `id` int(11) NOT NULL AUTO_INCREMENT, AUTO_INCREMENT=53;

--
-- AUTO_INCREMENT de la tabla `cursos`
--
ALTER TABLE `cursos`
  MODIFY `id` int(11) NOT NULL AUTO_INCREMENT, AUTO_INCREMENT=22;

--
-- AUTO_INCREMENT de la tabla `primero`
--
ALTER TABLE `primero`
  MODIFY `id` int(11) NOT NULL AUTO_INCREMENT, AUTO_INCREMENT=120;

--
-- AUTO_INCREMENT de la tabla `quinto`
--
ALTER TABLE `quinto`
  MODIFY `id` int(11) NOT NULL AUTO_INCREMENT, AUTO_INCREMENT=46;

--
-- AUTO_INCREMENT de la tabla `segundo`
--
ALTER TABLE `segundo`
  MODIFY `id` int(11) NOT NULL AUTO_INCREMENT, AUTO_INCREMENT=102;

--
-- AUTO_INCREMENT de la tabla `tercero`
--
ALTER TABLE `tercero`
  MODIFY `id` int(11) NOT NULL AUTO_INCREMENT, AUTO_INCREMENT=75;

--
-- AUTO_INCREMENT de la tabla `usuarios`
--
ALTER TABLE `usuarios`
  MODIFY `id` int(11) NOT NULL AUTO_INCREMENT, AUTO_INCREMENT=165;
COMMIT;

/*!40101 SET CHARACTER_SET_CLIENT=@OLD_CHARACTER_SET_CLIENT */;
/*!40101 SET CHARACTER_SET_RESULTS=@OLD_CHARACTER_SET_RESULTS */;
/*!40101 SET COLLATION_CONNECTION=@OLD_COLLATION_CONNECTION */;
